model,valley,pairing,barrier_Z,eta_meV,zero_bias_conductance,peak_conductance,background_conductance,peak_minus_background,zero_bias_andreev,zero_bias_normal_reflection
baseline,K_B,s_wave,0.0,0.05,8.480849236973828,8.480849236973828,1.0408503680303545,7.439998868943474,7.480849236973828,0.0
baseline,K_T,s_wave,0.0,0.05,4.31606429162028,4.31606429162028,1.0326327603937702,3.2834315312265097,3.3160642916202803,0.0
baseline,total,s_wave,0.0,0.05,7.824110975425041,7.824110975425041,1.034710441185085,6.789400534239956,6.824110975425041,0.0
baseline,K_B,s_wave,0.5,0.05,6.984679389579063,6.984679389579063,0.7568011356195974,6.2278782539594655,5.984679389579063,0.0
baseline,K_T,s_wave,0.5,0.05,3.652851433296224,3.652851433296224,0.7928200752224018,2.860031358073822,2.6528514332962243,0.0
baseline,total,s_wave,0.5,0.05,6.4592887803400325,6.4592887803400325,0.7764993879225541,5.682789392417479,5.459288780340033,0.0
baseline,K_B,s_wave,1.0,0.05,4.740424618486914,4.740424618486914,0.3307272870034617,4.409697331483453,3.740424618486914,0.0
baseline,K_T,s_wave,1.0,0.05,2.6580321458101404,2.6580321458101404,0.43310104746534916,2.224931098344791,1.6580321458101401,0.0
baseline,total,s_wave,1.0,0.05,4.412055487712521,4.412055487712521,0.38918280802875793,4.022872679683763,3.4120554877125207,0.0
baseline,K_B,s_wave,2.0,0.05,2.496169847394767,2.496169847394767,-0.095346561612674,2.5915164090074407,1.4961698473947658,0.0
baseline,K_T,s_wave,2.0,0.05,1.6632128583240562,1.6632128583240562,0.07338201970829636,1.5898308386157598,0.6632128583240561,0.0
baseline,total,s_wave,2.0,0.05,2.3648221950850083,2.3648221950850083,0.0018662281349618366,2.3629559669500466,1.3648221950850083,0.0
baseline,K_B,s_wave,0.0,0.2,8.358346247285391,8.358346247285391,1.0407974446455892,7.317548802639802,7.358346247285391,0.0
baseline,K_T,s_wave,0.0,0.2,4.261761928766236,4.261761928766236,1.0325934266044174,3.229168502161819,3.2617619287662363,0.0
baseline,total,s_wave,0.0,0.2,7.712362433251049,7.712362433251049,1.0346676724690125,6.677694760782036,6.712362433251051,0.0
baseline,K_B,s_wave,0.5,0.2,6.8866769978283155,6.8866769978283155,0.7568841919562319,6.129792805872084,5.886676997828314,0.0
baseline,K_T,s_wave,0.5,0.2,3.609409543012989,3.609409543012989,0.7928893774475549,2.816520165565434,2.6094095430129896,0.0
baseline,total,s_wave,0.5,0.2,6.36988994660084,6.36988994660084,0.7765721686105527,5.593317777990287,5.36988994660084,0.0
baseline,K_B,s_wave,1.0,0.2,4.679173123642696,4.679173123642696,0.33101431292219585,4.3481588107205,3.6791731236426957,0.0
baseline,K_T,s_wave,1.0,0.2,2.630880964383118,2.630880964383118,0.4333333037122612,2.197547660670857,1.6308809643831181,0.0
baseline,total,s_wave,1.0,0.2,4.356181216625525,4.356181216625525,0.3894289128228629,3.966752303802662,3.3561812166255254,0.0
baseline,K_B,s_wave,2.0,0.2,2.4716692494570776,2.4716692494570776,-0.09485556611184007,2.5665248155689175,1.4716692494570784,0.0
baseline,K_T,s_wave,2.0,0.2,1.652352385753247,1.652352385753247,0.07377722997696742,1.5785751557762795,0.6523523857532474,0.0
baseline,total,s_wave,2.0,0.2,2.34247248665021,2.34247248665021,0.0022856570351731374,2.3401868296150368,1.34247248665021,0.0
baseline,K_B,s_wave,0.0,0.5,7.740245162513419,7.740245162513419,1.0405040825402858,6.699741079973133,6.74024516251342,0.0
baseline,K_T,s_wave,0.0,0.5,3.9877739267498726,3.9877739267498726,1.0323753106985236,2.9553986160513492,2.987773926749873,0.0
baseline,total,s_wave,0.0,0.5,7.14852398885796,7.14852398885796,1.0344305423602353,6.114093446497725,6.148523988857963,0.0
baseline,K_B,s_wave,0.5,0.5,6.392196130010736,6.392196130010736,0.7573458629930838,5.634850267017652,5.392196130010737,0.0
baseline,K_T,s_wave,0.5,0.5,3.390219141399898,3.390219141399898,0.7932748251514795,2.5969443162484187,2.3902191413998986,0.0
baseline,total,s_wave,0.5,0.5,5.91881919108637,5.91881919108637,0.7769768988298911,5.141842292256479,4.918819191086369,0.0
baseline,K_B,s_wave,1.0,0.5,4.37012258125671,4.37012258125671,0.332608533672281,4.037514047584429,3.37012258125671,0.0
baseline,K_T,s_wave,1.0,0.5,2.4938869633749365,2.4938869633749365,0.43462409683091296,2.0592628665440236,1.4938869633749365,0.0
baseline,total,s_wave,1.0,0.5,4.07426199442898,4.07426199442898,0.39079643353437427,3.683465560894606,3.0742619944289813,0.0
baseline,K_B,s_wave,2.0,0.5,2.3480490325026837,2.3480490325026837,-0.09212879564852203,2.4401778281512057,1.3480490325026842,0.0
baseline,K_T,s_wave,2.0,0.5,1.5975547853499745,1.5975547853499745,0.07597336851034633,1.5215814168396282,0.5975547853499746,0.0
baseline,total,s_wave,2.0,0.5,2.229704797771592,2.229704797771592,0.004615968238857555,2.2250888295327345,1.2297047977715923,0.0
baseline,K_B,nodal_even,0.0,0.05,8.093344825104342,8.093344825104342,1.02347575373641,7.069869071367933,7.093344825104341,0.0
baseline,K_T,nodal_even,0.0,0.05,4.176199022517904,4.176199022517904,1.0145789809739392,3.1616200415439653,3.176199022517905,0.0
baseline,total,nodal_even,0.0,0.05,7.71623845799581,7.71623845799581,1.0190169968874165,6.697221461108393,6.71623845799581,0.0
baseline,K_B,nodal_even,0.5,0.05,6.674675860083473,6.674675860083473,0.7394268676381508,5.935248992445322,5.674675860083474,0.0
baseline,K_T,nodal_even,0.5,0.05,3.5409592180143243,3.5409592180143243,0.7747666253098024,2.766192592704522,2.5409592180143243,0.0
baseline,total,nodal_even,0.5,0.05,6.372990766396648,6.372990766396648,0.7608062332267145,5.612184533169934,5.372990766396648,0.0
baseline,K_B,nodal_even,1.0,0.05,4.54667241255217,4.54667241255217,0.31335353849076164,4.233318874061409,3.5466724125521707,0.0
baseline,K_T,nodal_even,1.0,0.05,2.5880995112589527,2.5880995112589527,0.4150480918135978,2.173051419445355,1.5880995112589524,0.0
baseline,total,nodal_even,1.0,0.05,4.3581192289979045,4.3581192289979045,0.373490087735661,3.9846291412622437,3.358119228997905,0.0
baseline,K_B,nodal_even,2.0,0.05,2.4186689650208684,2.4186689650208684,-0.11271979065662743,2.531388755677496,1.4186689650208686,0.0
baseline,K_T,nodal_even,2.0,0.05,1.6352398045035808,1.6352398045035808,0.055329558317392946,1.5799102461861878,0.6352398045035811,0.0
baseline,total,nodal_even,2.0,0.05,2.3432476915991622,2.3432476915991622,-0.013826057755392454,2.3570737493545546,1.343247691599162,0.0
baseline,K_B,nodal_even,0.0,0.2,6.896918146784888,6.896918146784888,1.023445261793788,5.8734728849910995,5.896918146784888,0.0
baseline,K_T,nodal_even,0.0,0.2,3.576327139599107,3.576327139599107,1.014561430559343,2.561765709039764,2.576327139599106,0.0
baseline,total,nodal_even,0.0,0.2,7.2673735294703405,7.2673735294703405,1.0189932566247544,6.248380272845586,6.267373529470343,0.0
baseline,K_B,nodal_even,0.5,0.2,5.717534517427911,5.717534517427911,0.7395375317285164,4.977996985699394,4.71753451742791,0.0
baseline,K_T,nodal_even,0.5,0.2,3.0610617116792853,3.0610617116792853,0.7748626368300493,2.286199074849236,2.0610617116792858,0.0
baseline,total,nodal_even,0.5,0.2,6.013898823576274,6.013898823576274,0.7609023716550114,5.252996451921263,5.013898823576273,0.0
baseline,K_B,nodal_even,1.0,0.2,3.948459073392444,3.948459073392444,0.31367593663060866,3.6347831367618353,2.948459073392444,0.0
baseline,K_T,nodal_even,1.0,0.2,2.2881635697995533,2.2881635697995533,0.41531444623610875,1.8728491235634446,1.288163569799553,0.0
baseline,total,nodal_even,1.0,0.2,4.133686764735172,4.133686764735172,0.3737660442003968,3.759920720534775,3.1336867647351716,0.0
baseline,K_B,nodal_even,2.0,0.2,2.179383629356977,2.179383629356977,-0.11218565846729897,2.291569287824276,1.1793836293569775,0.0
baseline,K_T,nodal_even,2.0,0.2,1.515265427919821,1.515265427919821,0.05576625564216818,1.459499172277653,0.5152654279198214,0.0
baseline,total,nodal_even,2.0,0.2,2.2534747058940683,2.2534747058940683,-0.01337028325421787,2.2668449891482862,1.2534747058940683,0.0
baseline,K_B,nodal_even,0.0,0.5,5.176066328651708,5.176066328651708,1.0232762774419402,4.152790051209768,4.176066328651706,0.0
baseline,K_T,nodal_even,0.0,0.5,2.8044347631379476,2.8044347631379476,1.0144641418642695,1.7899706212736781,1.8044347631379478,0.0
baseline,total,nodal_even,0.0,0.5,6.272226939603461,6.272226939603461,1.0188616722971229,5.253365267306338,5.272226939603462,0.0
baseline,K_B,nodal_even,0.5,0.5,4.340853062921366,4.340853062921366,0.7401519423067139,3.600701120614652,3.340853062921366,0.0
baseline,K_T,nodal_even,0.5,0.5,2.4435478105103576,2.4435478105103576,0.7753959285832425,1.6681518819271153,1.4435478105103579,0.0
baseline,total,nodal_even,0.5,0.5,5.217781551682771,5.217781551682771,0.7614363896848267,4.456345161997945,4.21778155168277,0.0
baseline,K_B,nodal_even,1.0,0.5,3.088033164325854,3.088033164325854,0.3154654396038742,2.7725677247219798,2.088033164325853,0.0
baseline,K_T,nodal_even,1.0,0.5,1.9022173815689734,1.9022173815689734,0.4167936086617021,1.4854237729072712,0.9022173815689739,0.0
baseline,total,nodal_even,1.0,0.5,3.636113469801731,3.636113469801731,0.3752984657663828,3.260815004035348,2.636113469801731,0.0
baseline,K_B,nodal_even,2.0,0.5,1.8352132657303424,1.8352132657303424,-0.10922106309896543,1.9444343288293078,0.8352132657303415,0.0
baseline,K_T,nodal_even,2.0,0.5,1.3608869526275895,1.3608869526275895,0.058191288740161703,1.3026956638874279,0.36088695262758946,0.0
baseline,total,nodal_even,2.0,0.5,2.0544453879206923,2.0544453879206923,-0.01083945815206124,2.0652848460727538,1.0544453879206925,0.0
baseline,K_B,valley_even,0.0,0.05,8.303586437958458,8.303586437958458,1.0228324047229205,7.280754033235538,7.303586437958459,0.0
baseline,K_T,valley_even,0.0,0.05,4.150318678977607,4.150318678977607,1.0218453667681087,3.1284733122094983,3.1503186789776074,0.0
baseline,total,valley_even,0.0,0.05,3.9094343378759793,3.9094343378759793,1.0156512038354863,2.893783134040493,2.9094343378759793,0.0
baseline,K_B,valley_even,0.5,0.05,6.842869150366767,6.842869150366767,0.738783472506874,6.104085677859893,5.8428691503667665,0.0
baseline,K_T,valley_even,0.5,0.05,3.520254943182086,3.520254943182086,0.7820328676287431,2.738222075553343,2.5202549431820858,0.0
baseline,total,valley_even,0.5,0.05,3.3275474703007837,3.3275474703007837,0.757440500140701,2.570106970160083,2.3275474703007832,0.0
baseline,K_B,valley_even,1.0,0.05,4.65179321897923,4.65179321897923,0.3127100741828043,4.339083144796426,3.6517932189792295,0.0
baseline,K_T,valley_even,1.0,0.05,2.5751593394888035,2.5751593394888035,0.4223141189196947,2.152845220569109,1.5751593394888037,0.0
baseline,total,valley_even,1.0,0.05,2.4547171689379894,2.4547171689379894,0.37012444459852284,2.0845927243394664,1.4547171689379896,0.0
baseline,K_B,valley_even,2.0,0.05,2.460717287591692,2.460717287591692,-0.11336332414126546,2.5740806117329575,1.4607172875916916,0.0
baseline,K_T,valley_even,2.0,0.05,1.6300637357955214,1.6300637357955214,0.06259537021064636,1.5674683655848751,0.6300637357955214,0.0
baseline,total,valley_even,2.0,0.05,1.5818868675751963,1.5818868675751963,-0.01719161094365532,1.5990784785188517,0.5818868675751958,0.0
baseline,K_B,valley_even,0.0,0.2,7.716597956313863,7.716597956313863,1.0227990930623825,6.69379886325148,6.716597956313863,0.0
baseline,K_T,valley_even,0.0,0.2,3.9734670157180343,3.9734670157180343,1.0218181680292084,2.951648847688826,2.9734670157180343,0.0
baseline,total,valley_even,0.0,0.2,2.961156679450913,2.961156679450913,1.0156316834754526,1.9455249959754606,1.9611566794509139,0.0
baseline,K_B,valley_even,0.5,0.2,6.373278365051091,6.373278365051091,0.7388906288926298,5.634387736158461,5.373278365051092,0.0
baseline,K_T,valley_even,0.5,0.2,3.378773612574427,3.378773612574427,0.7821170860397377,2.596656526534689,2.3787736125744274,0.0
baseline,total,valley_even,0.5,0.2,2.568925343560731,2.568925343560731,0.7575417545809013,1.8113835889798298,1.5689253435607309,0.0
baseline,K_B,valley_even,1.0,0.2,4.358298978156931,4.358298978156931,0.3130279326380007,4.0452710455189305,3.3582989781569315,0.0
baseline,K_T,valley_even,1.0,0.2,2.486733507859017,2.486733507859017,0.4225654630555315,2.064168044803486,1.4867335078590171,0.0
baseline,total,valley_even,1.0,0.2,1.9805783397254568,1.9805783397254568,0.3704068612390741,1.6101714784863828,0.9805783397254569,0.0
baseline,K_B,valley_even,2.0,0.2,2.3433195912627727,2.3433195912627727,-0.11283476361662832,2.456154354879401,1.343319591262773,0.0
baseline,K_T,valley_even,2.0,0.2,1.5946934031436069,1.5946934031436069,0.06301384007132538,1.5316795630722815,0.5946934031436069,0.0
baseline,total,valley_even,2.0,0.2,1.3922313358901826,1.3922313358901826,-0.01672803210275319,1.4089593679929358,0.3922313358901827,0.0
baseline,K_B,valley_even,0.0,0.5,6.571846937769939,6.571846937769939,1.0226145704198952,5.549232367350044,5.571846937769939,0.0
baseline,K_T,valley_even,0.0,0.5,3.5108614865513785,3.5108614865513785,1.0216673771463858,2.489194109404993,2.5108614865513785,0.0
baseline,total,valley_even,0.0,0.5,2.410732723834776,2.410732723834776,1.0155234701887768,1.3952092536459992,1.4107327238347762,0.0
baseline,K_B,valley_even,0.5,0.5,5.457477550215951,5.457477550215951,0.7394857767133989,4.717991773502552,4.457477550215951,0.0
baseline,K_T,valley_even,0.5,0.5,3.0086891892411036,3.0086891892411036,0.7825851149138188,2.226104074327285,2.008689189241103,0.0
baseline,total,valley_even,0.5,0.5,2.128586179067821,2.128586179067821,0.7581040469802881,1.370482132087533,1.1285861790678207,0.0
baseline,K_B,valley_even,1.0,0.5,3.785923468884969,3.785923468884969,0.3147925861536543,3.4711308827313148,2.7859234688849694,0.0
baseline,K_T,valley_even,1.0,0.5,2.2554307432756895,2.2554307432756895,0.42396172156496836,1.831469021710721,1.2554307432756893,0.0
baseline,total,valley_even,1.0,0.5,1.705366361917388,1.705366361917388,0.371974912167555,1.333391449749833,0.7053663619173881,0.0
baseline,K_B,valley_even,2.0,0.5,2.114369387553988,2.114369387553988,-0.10990060440609035,2.224269991960078,1.1143693875539877,0.0
baseline,K_T,valley_even,2.0,0.5,1.5021722973102756,1.5021722973102756,0.06533832821611771,1.4368339690941578,0.5021722973102758,0.0
baseline,total,valley_even,2.0,0.5,1.282146544766955,1.282146544766955,-0.014154222645178039,1.2963007674121332,0.28214654476695517,0.0
baseline,K_B,valley_odd,0.0,0.05,8.295522237844938,8.295522237844938,1.021864429479779,7.27365780836516,7.295522237844939,0.0
baseline,K_T,valley_odd,0.0,0.05,4.14126251436018,4.14126251436018,1.0214046461287407,3.119857868231439,3.1412625143601804,0.0
baseline,total,valley_odd,0.0,0.05,3.901416051489325,3.901416051489325,1.0150675328859506,2.8863485186033744,2.901416051489325,0.0
baseline,K_B,valley_odd,0.5,0.05,6.836417790275951,6.836417790275951,0.7378155127738759,6.098602277502075,5.836417790275951,0.0
baseline,K_T,valley_odd,0.5,0.05,3.513010011488144,3.513010011488144,0.7815921542167835,2.7314178572713605,2.513010011488144,0.0
baseline,total,valley_odd,0.5,0.05,3.32113284119146,3.32113284119146,0.7568568384564566,2.5642760027350033,2.3211328411914605,0.0
baseline,K_B,valley_odd,1.0,0.05,4.64776111892247,4.64776111892247,0.3117421377150209,4.336018981207449,3.6477611189224697,0.0
baseline,K_T,valley_odd,1.0,0.05,2.57063125718009,2.57063125718009,0.42187341634884773,2.148757840831242,1.5706312571800902,0.0
baseline,total,valley_odd,1.0,0.05,2.4507080257446625,2.4507080257446625,0.3695407968122157,2.081167228932447,1.4507080257446625,0.0
baseline,K_B,valley_odd,2.0,0.05,2.459104447568988,2.459104447568988,-0.11433123734383395,2.573435684912822,1.4591044475689878,0.0
baseline,K_T,valley_odd,2.0,0.05,1.6282525028720358,1.6282525028720358,0.06215467848091213,1.5660978243911237,0.628252502872036,0.0
baseline,total,valley_odd,2.0,0.05,1.5802832102978652,1.5802832102978652,-0.0177752448320253,1.5980584551298904,0.5802832102978651,0.0
baseline,K_B,valley_odd,0.0,0.2,7.679227675530371,7.679227675530371,1.0218322082116316,6.657395467318739,6.679227675530371,0.0
baseline,K_T,valley_odd,0.0,0.2,3.9294620640250724,3.9294620640250724,1.0213779539238022,2.90808411010127,2.9294620640250724,0.0
baseline,total,valley_odd,0.0,0.2,2.9266399402972345,2.9266399402972345,1.0150486704417723,1.9115912698554622,1.926639940297234,0.0
baseline,K_B,valley_odd,0.5,0.2,6.343382140424297,6.343382140424297,0.7379239914410564,5.6054581489832405,5.343382140424298,0.0
baseline,K_T,valley_odd,0.5,0.2,3.343569651220058,3.343569651220058,0.7816769872019593,2.5618926640180986,2.3435696512200583,0.0
baseline,total,valley_odd,0.5,0.2,2.5413119522377867,2.5413119522377867,0.7569588893264173,1.7843530629113693,1.5413119522377876,0.0
baseline,K_B,valley_odd,1.0,0.2,4.339613837765185,4.339613837765185,0.3120616662851931,4.027552171479992,3.3396138377651856,0.0
baseline,K_T,valley_odd,1.0,0.2,2.464731032012536,2.464731032012536,0.42212553711919487,2.0426054948933414,1.4647310320125362,0.0
baseline,total,valley_odd,1.0,0.2,1.9633199701486168,1.9633199701486168,0.36982421765338486,1.593495752495232,0.963319970148617,0.0
baseline,K_B,valley_odd,2.0,0.2,2.335845535106075,2.335845535106075,-0.11380065887067012,2.449646193976745,1.3358455351060745,0.0
baseline,K_T,valley_odd,2.0,0.2,1.5858924128050143,1.5858924128050143,0.0625740870364305,1.5233183257685838,0.5858924128050146,0.0
baseline,total,valley_odd,2.0,0.2,1.3853279880594471,1.3853279880594471,-0.01731045401964767,1.4026384420790947,0.3853279880594469,0.0
baseline,K_B,valley_odd,0.0,0.5,6.538853029702721,6.538853029702721,1.021653733177134,5.517199296525587,5.538853029702721,0.0
baseline,K_T,valley_odd,0.0,0.5,3.463661545772892,3.463661545772892,1.0212299712524042,2.4424315745204876,2.4636615457728923,0.0
baseline,total,valley_odd,0.0,0.5,2.3803331150394715,2.3803331150394715,1.0149441050895411,1.3653890099499304,1.3803331150394718,0.0
baseline,K_B,valley_odd,0.5,0.5,5.431082423762177,5.431082423762177,0.7385264594595268,4.692555964302651,4.431082423762177,0.0
baseline,K_T,valley_odd,0.5,0.5,2.970929236618314,2.970929236618314,0.7821484166906554,2.1887808199276586,1.970929236618314,0.0
baseline,total,valley_odd,0.5,0.5,2.1042664920315772,2.1042664920315772,0.7575255894935704,1.3467409025380068,1.1042664920315777,0.0
baseline,K_B,valley_odd,1.0,0.5,3.7694265148513604,3.7694265148513604,0.3138355488831157,3.455590965968245,2.7694265148513604,0.0
baseline,K_T,valley_odd,1.0,0.5,2.231830772886446,2.231830772886446,0.4235260848480317,1.8083046880384142,1.2318307728864462,0.0
baseline,total,valley_odd,1.0,0.5,1.690166557519736,1.690166557519736,0.3713978160996143,1.3187687414201217,0.6901665575197359,0.0
baseline,K_B,valley_odd,2.0,0.5,2.107770605940544,2.107770605940544,-0.11085536169329538,2.218625967633839,1.1077706059405443,0.0
baseline,K_T,valley_odd,2.0,0.5,1.4927323091545783,1.4927323091545783,0.06490375300540799,1.4278285561491704,0.4927323091545785,0.0
baseline,total,valley_odd,2.0,0.5,1.276066623007894,1.276066623007894,-0.01472995729434185,1.2907965803022359,0.2760666230078944,0.0
compressed_v3,K_B,s_wave,0.0,0.05,1.9812639780958603,5.557137412316865,1.016221688481569,4.540915723835296,0.9812639780958607,0.0
compressed_v3,K_T,s_wave,0.0,0.05,7.222287694354019,7.222287694354019,1.0432004838148017,6.179087210539217,6.22228769435402,0.0
compressed_v3,total,s_wave,0.0,0.05,7.709873731287537,7.709873731287537,1.028864838039538,6.681008893247999,6.709873731287539,0.0
compressed_v3,K_B,s_wave,0.5,0.05,1.785011182476688,4.364405151315415,0.7784179561931894,3.5859871951222253,0.7850111824766884,0.0
compressed_v3,K_T,s_wave,0.5,0.05,5.977830155483215,5.977830155483215,0.44371378995705973,5.534116365526155,4.977830155483215,0.0
compressed_v3,total,s_wave,0.5,0.05,6.36789898503003,6.36789898503003,0.6430659233516429,5.724833061678387,5.36789898503003,0.0
compressed_v3,K_B,s_wave,1.0,0.05,1.4906319890479303,2.5753067598132446,0.4217123577606202,2.1535944020526245,0.4906319890479304,0.0
compressed_v3,K_T,s_wave,1.0,0.05,4.11114384717701,4.11114384717701,-0.4555162508295535,4.5666600980065635,3.11114384717701,0.0
compressed_v3,total,s_wave,1.0,0.05,4.3549368656437695,4.3549368656437695,0.06436755131980042,4.290569314323969,3.3549368656437695,0.0
compressed_v3,K_B,s_wave,2.0,0.05,1.196252795619172,1.196252795619172,0.06500675932805099,1.131246036291121,0.1962527956191721,0.0
compressed_v3,K_T,s_wave,2.0,0.05,2.2444575388708046,2.2444575388708046,-1.3547462916161668,3.5992038304869713,1.2444575388708037,0.0
compressed_v3,total,s_wave,2.0,0.05,2.3419747462575087,2.3419747462575087,-0.5143308207120422,2.8563055669695507,1.3419747462575076,0.0
compressed_v3,K_B,s_wave,0.0,0.2,1.9651952448300989,5.499876285114446,1.0162072897806123,4.483668995333834,0.9651952448300986,0.0
compressed_v3,K_T,s_wave,0.0,0.2,7.120394336913724,7.120394336913724,1.0431494490072715,6.077244887906453,6.120394336913725,0.0
compressed_v3,total,s_wave,0.0,0.2,7.599995886342874,7.599995886342874,1.0288311519203899,6.571164734422483,6.599995886342872,0.0
compressed_v3,K_B,s_wave,0.5,0.2,1.772156195864079,4.3221308870351125,0.7784575785917902,3.5436733084433225,0.772156195864079,0.0
compressed_v3,K_T,s_wave,0.5,0.2,5.89631546953098,5.89631546953098,0.44380657530515216,5.4525088942258275,4.896315469530979,0.0
compressed_v3,total,s_wave,0.5,0.2,6.279996709074298,6.279996709074298,0.6431283335864253,5.636868375487873,5.279996709074298,0.0
compressed_v3,K_B,s_wave,1.0,0.2,1.4825976224150492,2.5555127899161123,0.42183301180855715,2.133679778107555,0.4825976224150493,0.0
compressed_v3,K_T,s_wave,1.0,0.2,4.060197168456862,4.060197168456862,-0.4552077352480273,4.51540490370489,3.0601971684568623,0.0
compressed_v3,total,s_wave,1.0,0.2,4.299997943171436,4.299997943171436,0.06457410608547835,4.235423837085958,3.299997943171436,0.0
compressed_v3,K_B,s_wave,2.0,0.2,1.1930390489660196,1.1930390489660196,0.06520844502532407,1.1278306039406956,0.19303904896601976,0.0
compressed_v3,K_T,s_wave,2.0,0.2,2.2240788673827443,2.2240788673827443,-1.3542220458012064,3.5783009131839507,1.2240788673827447,0.0
compressed_v3,total,s_wave,2.0,0.2,2.319999177268574,2.319999177268574,-0.5139801214154686,2.8339792986840426,1.3199991772685744,0.0
compressed_v3,K_B,s_wave,0.0,0.5,1.8841188442643704,5.204058331066921,1.0161273677915073,4.187930963275414,0.8841188442643706,0.0
compressed_v3,K_T,s_wave,0.0,0.5,6.606281212612971,6.606281212612971,1.0428665053313484,5.5634147072816225,5.606281212612972,0.0
compressed_v3,total,s_wave,0.0,0.5,7.045596231890072,7.045596231890072,1.0286444023544643,6.016951829535608,6.045596231890073,0.0
compressed_v3,K_B,s_wave,0.5,0.5,1.7072950754114964,4.103736891330893,0.7786784166343877,3.3250584746965055,0.7072950754114964,0.0
compressed_v3,K_T,s_wave,0.5,0.5,5.485024970090377,5.485024970090377,0.44432280037345534,5.040702169716922,4.485024970090376,0.0
compressed_v3,total,s_wave,0.5,0.5,5.836476985512058,5.836476985512058,0.6434756155326598,5.193001369979398,4.836476985512058,0.0
compressed_v3,K_B,s_wave,1.0,0.5,1.4420594221321854,2.4532547317268456,0.4225049898987083,2.0307497418281373,0.4420594221321853,0.0
compressed_v3,K_T,s_wave,1.0,0.5,3.803140606306485,3.803140606306485,-0.4534927570633844,4.256633363369869,2.803140606306486,0.0
compressed_v3,total,s_wave,1.0,0.5,4.022798115945036,4.022798115945036,0.06572243529995307,3.9570756806450826,3.0227981159450366,0.0
compressed_v3,K_B,s_wave,2.0,0.5,1.176823768852874,1.176823768852874,0.06633156316302884,1.1104922056898452,0.1768237688528741,0.0
compressed_v3,K_T,s_wave,2.0,0.5,2.121256242522594,2.121256242522594,-1.351308314500224,3.472564557022818,1.121256242522594,0.0
compressed_v3,total,s_wave,2.0,0.5,2.2091192463780143,2.2091192463780143,-0.5120307449327539,2.721149991310768,1.2091192463780145,0.0
compressed_v3,K_B,nodal_even,0.0,0.05,1.9494632982170925,3.089295195753305,1.0068863299714552,2.08240886578185,0.9494632982170926,0.0
compressed_v3,K_T,nodal_even,0.0,0.05,6.635732055213195,6.635732055213195,1.0088601723200108,5.626871882893184,5.635732055213196,0.0
compressed_v3,total,nodal_even,0.0,0.05,7.630409593930946,7.630409593930946,1.0148286456810762,6.61558094824987,6.6304095939309455,0.0
compressed_v3,K_B,nodal_even,0.5,0.05,1.7595706385736745,1.8983334074460834,0.7690827207780055,1.1292506866680778,0.7595706385736742,0.0
compressed_v3,K_T,nodal_even,0.5,0.05,5.508585644170555,5.508585644170555,0.4093741045119745,5.09921153965858,4.508585644170556,0.0
compressed_v3,total,nodal_even,0.5,0.05,6.304327675144756,6.304327675144756,0.6290299649127973,5.675297710231959,5.304327675144757,0.0
compressed_v3,K_B,nodal_even,1.0,0.05,1.4747316491085465,1.4747316491085465,0.41237730698783065,1.0623543421207158,0.4747316491085463,0.0
compressed_v3,K_T,nodal_even,1.0,0.05,3.8178660276065974,3.8178660276065974,-0.4898549972000805,4.307721024806678,2.817866027606598,0.0
compressed_v3,total,nodal_even,1.0,0.05,4.315204796965473,4.315204796965473,0.050331943760378785,4.264872853205094,3.3152047969654728,0.0
compressed_v3,K_B,nodal_even,2.0,0.05,1.1898926596434185,1.1898926596434185,0.05567189319765585,1.1342207664457626,0.18989265964341856,0.0
compressed_v3,K_T,nodal_even,2.0,0.05,2.127146411042639,2.127146411042639,-1.3890840989121358,3.5162305099547746,1.127146411042639,0.0
compressed_v3,total,nodal_even,2.0,0.05,2.326081918786189,2.326081918786189,-0.5283660773920398,2.854447996178229,1.3260819187861892,0.0
compressed_v3,K_B,nodal_even,0.0,0.2,1.8067749964855118,3.019363889463288,1.0068801764830095,2.012483712980279,0.8067749964855117,0.0
compressed_v3,K_T,nodal_even,0.0,0.2,4.861033015265218,4.861033015265218,1.0088510436152907,3.8521819716499275,3.861033015265219,0.0
compressed_v3,total,nodal_even,0.0,0.2,7.279108913901606,7.279108913901606,1.014810405483682,6.264298508417924,6.279108913901606,0.0
compressed_v3,K_B,nodal_even,0.5,0.2,1.6454199971884096,1.868637688431895,0.7691324290740311,1.0995052593578638,0.6454199971884095,0.0
compressed_v3,K_T,nodal_even,0.5,0.2,4.088826412212176,4.088826412212176,0.4095181538917406,3.679308258320435,3.088826412212175,0.0
compressed_v3,total,nodal_even,0.5,0.2,6.023287131121285,6.023287131121285,0.6291113179456425,5.394175813175643,5.023287131121285,0.0
compressed_v3,K_B,nodal_even,1.0,0.2,1.4033874982427557,1.4033874982427557,0.4125108079605634,0.9908766902821923,0.4033874982427558,0.0
compressed_v3,K_T,nodal_even,1.0,0.2,2.9305165076326096,2.9305165076326096,-0.48948118069358504,3.4199976883261947,1.9305165076326094,0.0
compressed_v3,total,nodal_even,1.0,0.2,4.139554456950803,4.139554456950803,0.05056268663858284,4.08899177031222,3.139554456950803,0.0
compressed_v3,K_B,nodal_even,2.0,0.2,1.1613549992971022,1.1613549992971022,0.05588918684709563,1.1054658124500065,0.16135499929710237,0.0
compressed_v3,K_T,nodal_even,2.0,0.2,1.7722066030530434,1.7722066030530434,-1.3884805152789106,3.1606871183319543,0.7722066030530438,0.0
compressed_v3,total,nodal_even,2.0,0.2,2.2558217827803215,2.2558217827803215,-0.5279859446684767,2.7838077274487985,1.2558217827803213,0.0
compressed_v3,K_B,nodal_even,0.0,0.5,1.55381673276087,2.7008834057612088,1.0068460251020777,1.6940373806591311,0.5538167327608702,0.0
compressed_v3,K_T,nodal_even,0.0,0.5,3.080047607893319,3.080047607893319,1.0088004374345119,2.0712471704588076,2.0800476078933197,0.0
compressed_v3,total,nodal_even,0.0,0.5,6.443083894809727,6.443083894809727,1.0147093281558983,5.4283745666538294,5.443083894809727,0.0
compressed_v3,K_B,nodal_even,0.5,0.5,1.4430533862086958,1.733082991482538,0.7694091500563898,0.9636738414261483,0.44305338620869616,0.0
compressed_v3,K_T,nodal_even,0.5,0.5,2.664038086314655,2.664038086314655,0.4103180037671267,2.2537200825475283,1.664038086314656,0.0
compressed_v3,total,nodal_even,0.5,0.5,5.354467115847781,5.354467115847781,0.6295634488489465,4.724903666998834,4.354467115847783,0.0
compressed_v3,K_B,nodal_even,1.0,0.5,1.276908366380435,1.276908366380435,0.41325383748785827,0.8636545288925768,0.2769083663804351,0.0
compressed_v3,K_T,nodal_even,1.0,0.5,2.0400238039466596,2.0400238039466596,-0.48740564673395104,2.5274294506806108,1.0400238039466598,0.0
compressed_v3,total,nodal_even,1.0,0.5,3.721541947404864,3.721541947404864,0.051844629888518776,3.6696973175163454,2.7215419474048637,0.0
compressed_v3,K_B,nodal_even,2.0,0.5,1.1107633465521742,1.1107633465521742,0.05709852491932664,1.0536648216328477,0.11076334655217404,0.0
compressed_v3,K_T,nodal_even,2.0,0.5,1.416009521578664,1.416009521578664,-1.385129297235029,2.801138818813693,0.416009521578664,0.0
compressed_v3,total,nodal_even,2.0,0.5,2.0886167789619456,2.0886167789619456,-0.525874189071909,2.614490968033855,1.0886167789619456,0.0
compressed_v3,K_B,valley_even,0.0,0.05,1.888952697573046,5.46310654608185,1.0092326765924002,4.453873869489449,0.8889526975730455,0.0
compressed_v3,K_T,valley_even,0.0,0.05,6.564295380442876,6.564295380442876,1.0337503777867476,5.530545002656128,5.564295380442876,0.0
compressed_v3,total,valley_even,0.0,0.05,2.366067773198675,2.366067773198675,1.0088981368981116,1.3571696363005634,1.3660677731986755,0.0
compressed_v3,K_B,valley_even,0.5,0.05,1.7111621580584364,4.270441744450362,0.7714290436725044,3.4990127007778575,0.7111621580584363,0.0
compressed_v3,K_T,valley_even,0.5,0.05,5.451436304354301,5.451436304354301,0.43426385348624114,5.01717245086806,4.451436304354302,0.0
compressed_v3,total,valley_even,0.5,0.05,2.09285421855894,2.09285421855894,0.6230995919709782,1.4697546265879615,1.0928542185589405,0.0
compressed_v3,K_B,valley_even,1.0,0.05,1.4444763487865229,2.4814445420031257,0.4147235942926608,2.066720947710465,0.44447634878652276,0.0
compressed_v3,K_T,valley_even,1.0,0.05,3.782147690221439,3.782147690221439,-0.4649659329645187,4.247113623185958,2.782147690221438,0.0
compressed_v3,total,valley_even,1.0,0.05,1.6830338865993375,1.6830338865993375,0.04440177458027784,1.6386321120190597,0.6830338865993377,0.0
compressed_v3,K_B,valley_even,2.0,0.05,1.177790539514609,1.177790539514609,0.05801814491281715,1.119772394601792,0.17779053951460908,0.0
compressed_v3,K_T,valley_even,2.0,0.05,2.1128590760885757,2.1128590760885757,-1.3641957194152785,3.477054795503854,1.1128590760885755,0.0
compressed_v3,total,valley_even,2.0,0.05,1.2732135546397354,1.2732135546397354,-0.5342960428104225,1.8075095974501578,0.2732135546397351,0.0
compressed_v3,K_B,valley_even,0.0,0.2,1.762777393718299,5.405237521670209,1.0092249358234802,4.396012585846728,0.762777393718299,0.0
compressed_v3,K_T,valley_even,0.0,0.2,6.158900647334139,6.158900647334139,1.0337103261958058,5.125190321138334,5.158900647334139,0.0
compressed_v3,total,valley_even,0.0,0.2,1.7419033309689849,2.341919025345192,1.0088893516041082,1.3330296737410838,0.7419033309689852,0.0
compressed_v3,K_B,valley_even,0.5,0.2,1.6102219149746393,4.228522984554264,0.7714768097445966,3.4570461748096672,0.6102219149746392,0.0
compressed_v3,K_T,valley_even,0.5,0.2,5.127120517867311,5.127120517867311,0.43437015648298144,4.69275036138433,4.127120517867311,0.0
compressed_v3,total,valley_even,0.5,0.2,1.5935226647751883,1.5935226647751883,0.6231924296384277,0.9703302351367606,0.5935226647751881,0.0
compressed_v3,K_B,valley_even,1.0,0.2,1.3813886968591493,2.463451178880342,0.414854620626271,2.0485965582540713,0.3813886968591495,0.0
compressed_v3,K_T,valley_even,1.0,0.2,3.5794503236670705,3.5794503236670705,-0.4646400980862554,4.044090421753326,2.5794503236670696,0.0
compressed_v3,total,valley_even,1.0,0.2,1.3709516654844929,1.3709516654844929,0.044647046689906864,1.326304618794586,0.3709516654844926,0.0
compressed_v3,K_B,valley_even,2.0,0.2,1.1525554787436596,1.1525554787436596,0.05823243150794534,1.0943230472357142,0.1525554787436598,0.0
compressed_v3,K_T,valley_even,2.0,0.2,2.031780129466828,2.031780129466828,-1.3636503526554922,3.39543048212232,1.0317801294668278,0.0
compressed_v3,total,valley_even,2.0,0.2,1.1483806661937965,1.1483806661937965,-0.533898336258614,1.6822790024524106,0.14838066619379703,0.0
compressed_v3,K_B,valley_even,0.0,0.5,1.6294653274314304,5.107272387110557,1.0091819605657453,4.098090426544812,0.6294653274314308,0.0
compressed_v3,K_T,valley_even,0.0,0.5,5.208145266916764,5.208145266916764,1.0334882886856884,4.174656978231075,4.208145266916763,0.0
compressed_v3,total,valley_even,0.0,0.5,1.5261011180961181,2.231199625032311,1.0088406212333054,1.2223590037990055,0.5261011180961175,0.0
compressed_v3,K_B,valley_even,0.5,0.5,1.5035722619451444,4.012074909113392,0.7717427516988861,3.240332157414506,0.5035722619451447,0.0
compressed_v3,K_T,valley_even,0.5,0.5,4.366516213533412,4.366516213533412,0.43496117666783085,3.931555036865581,3.3665162135334117,0.0
compressed_v3,total,valley_even,0.5,0.5,1.4208808944768947,1.4208808944768947,0.6237080059214116,0.7971728885554831,0.42088089447689403,0.0
compressed_v3,K_B,valley_even,1.0,0.5,1.3147326637157153,2.3692786921176445,0.4155839383985972,1.9536947537190472,0.3147326637157154,0.0
compressed_v3,K_T,valley_even,1.0,0.5,3.1040726334583826,3.1040726334583826,-0.4628294913589556,3.566902124817338,2.1040726334583817,0.0
compressed_v3,total,valley_even,1.0,0.5,1.263050559048059,1.263050559048059,0.04600908295357043,1.2170414760944885,0.26305055904805874,0.0
compressed_v3,K_B,valley_even,2.0,0.5,1.1258930654862862,1.1258930654862862,0.05942512509830846,1.0664679403879778,0.12589306548628618,0.0
compressed_v3,K_T,valley_even,2.0,0.5,1.8416290533833528,1.8416290533833528,-1.360620159385742,3.202249212769095,0.8416290533833529,0.0
compressed_v3,total,valley_even,2.0,0.5,1.1052202236192235,1.1052202236192235,-0.5316898400142707,1.6369100636334941,0.10522022361922351,0.0
compressed_v3,K_B,valley_odd,0.0,0.05,1.8875703592988795,5.463977383104499,1.009008407900049,4.45496897520445,0.8875703592988794,0.0
compressed_v3,K_T,valley_odd,0.0,0.05,6.563584610149789,6.563584610149789,1.0336669752455072,5.529917634904281,5.563584610149787,0.0
compressed_v3,total,valley_odd,0.0,0.05,2.365065614192222,2.365065614192222,1.0087322426155243,1.3563333715766976,1.3650656141922226,0.0
compressed_v3,K_B,valley_odd,0.5,0.05,1.7100562874391034,4.271311956719463,0.7712047775883893,3.5001071791310734,0.7100562874391035,0.0
compressed_v3,K_T,valley_odd,0.5,0.05,5.450867688119832,5.450867688119832,0.4341804510334333,5.016687237086399,4.450867688119831,0.0
compressed_v3,total,valley_odd,0.5,0.05,2.092052491353779,2.092052491353779,0.6229336991046994,1.4691187922490794,1.0920524913537781,0.0
compressed_v3,K_B,valley_odd,1.0,0.05,1.4437851796494394,2.4823138171419115,0.41449933212089984,2.0678144850210116,0.4437851796494397,0.0
compressed_v3,K_T,valley_odd,1.0,0.05,3.7817923050748945,3.7817923050748945,-0.4650493352846782,4.246841640359572,2.7817923050748936,0.0
compressed_v3,total,valley_odd,1.0,0.05,1.6825328070961116,1.6825328070961116,0.04423588383846182,1.6382969232576499,0.6825328070961113,0.0
compressed_v3,K_B,valley_odd,2.0,0.05,1.1775140718597759,1.1775140718597759,0.05779388665341032,1.1197201852063656,0.17751407185977588,0.0
compressed_v3,K_T,valley_odd,2.0,0.05,2.112716922029958,2.112716922029958,-1.3642791216027894,3.4769960436327474,1.1127169220299578,0.0
compressed_v3,total,valley_odd,2.0,0.05,1.2730131228384451,1.2730131228384451,-0.5344619314277758,1.807475054266221,0.27301312283844453,0.0
compressed_v3,K_B,valley_odd,0.0,0.2,1.755541214612681,5.406189291069925,1.0090008552352139,4.397188435834711,0.7555412146126811,0.0
compressed_v3,K_T,valley_odd,0.0,0.2,6.15596410022512,6.15596410022512,1.0336269407352456,5.122337159489874,5.155964100225119,0.0
compressed_v3,total,valley_odd,0.0,0.2,1.7403884490626162,2.341654205129467,1.0087235626438773,1.3329306424855896,0.7403884490626161,0.0
compressed_v3,K_B,valley_odd,0.5,0.2,1.6044329716901449,4.229464386722997,0.7712527707766704,3.4582116159463263,0.6044329716901449,0.0
compressed_v3,K_T,valley_odd,0.5,0.2,5.124771280180096,5.124771280180096,0.43428677244758573,4.69048450773251,4.124771280180097,0.0
compressed_v3,total,valley_odd,0.5,0.2,1.592310759250093,1.592310759250093,0.6230266632875856,0.9692840959625073,0.592310759250093,0.0
compressed_v3,K_B,valley_odd,1.0,0.2,1.3777706073063405,2.464377030202606,0.4146306440888551,2.049746386113751,0.37777060730634054,0.0
compressed_v3,K_T,valley_odd,1.0,0.2,3.57798205011256,3.57798205011256,-0.4647234799839044,4.042705530096464,2.5779820501125594,0.0
compressed_v3,total,valley_odd,1.0,0.2,1.3701942245313088,1.3701942245313088,0.044481314253147844,1.3257129102781608,0.37019422453130807,0.0
compressed_v3,K_B,valley_odd,2.0,0.2,1.151108242922536,1.151108242922536,0.05800851740103963,1.0930997255214965,0.15110824292253622,0.0
compressed_v3,K_T,valley_odd,2.0,0.2,2.0311928200450238,2.0311928200450238,-1.3637337324153944,3.394926552460418,1.0311928200450242,0.0
compressed_v3,total,valley_odd,2.0,0.2,1.1480776898125233,1.1480776898125233,-0.5340640347812899,1.6821417245938133,0.14807768981252326,0.0
compressed_v3,K_B,valley_odd,0.0,0.5,1.6225462329310147,5.108595757353535,1.0089589244220403,4.099636832931495,0.6225462329310147,0.0
compressed_v3,K_T,valley_odd,0.0,0.5,5.207021255139801,5.207021255139801,1.0334049987527014,4.173616256387099,4.207021255139801,0.0
compressed_v3,total,valley_odd,0.0,0.5,1.5249518423124835,2.231149693052564,1.0086754176869275,1.2224742753656366,0.5249518423124837,0.0
compressed_v3,K_B,valley_odd,0.5,0.5,1.498036986344812,4.0133282185788,0.7715199718445847,3.241808246734215,0.49803698634481186,0.0
compressed_v3,K_T,valley_odd,0.5,0.5,4.365617004111842,4.365617004111842,0.43487789599284205,3.930739108119,3.3656170041118414,0.0
compressed_v3,total,valley_odd,0.5,0.5,1.419961473849987,1.419961473849987,0.623542941906442,0.7964185319435451,0.4199614738499872,0.0
compressed_v3,K_B,valley_odd,1.0,0.5,1.3112731164655074,2.3704269104167,0.4153615429784011,1.9550653674382987,0.31127311646550737,0.0
compressed_v3,K_T,valley_odd,1.0,0.5,3.1035106275699014,3.1035106275699014,-0.4629127581469474,3.5664233857168486,2.1035106275699005,0.0
compressed_v3,total,valley_odd,1.0,0.5,1.2624759211562424,1.2624759211562424,0.045844228235713574,1.2166316929205288,0.26247592115624185,0.0
compressed_v3,K_B,valley_odd,2.0,0.5,1.1245092465862028,1.1245092465862028,0.05920311411221759,1.0653061324739852,0.12450924658620297,0.0
compressed_v3,K_T,valley_odd,2.0,0.5,1.8414042510279607,1.8414042510279607,-1.3607034122867367,3.202107663314697,0.8414042510279603,0.0
compressed_v3,total,valley_odd,2.0,0.5,1.1049903684624967,1.1049903684624967,-0.5318544854350148,1.6368448538975113,0.1049903684624968,0.0
