dataset_name,dataset_version,phase_noise_sigma_rad,misalignment_label,shift_sigma_px,rotation_sigma_deg,wavelength_drift_fraction,seed,repeat_count,sample_count,mean_psnr_gain_over_fixed_lowres,mean_method_psnr_lowres,mean_fixed_psnr_lowres,mean_guided_psnr_lowres,clean_mean_psnr_gain_over_fixed_lowres,degradation_vs_clean_db
Kodak-PCD0992,unrestricted public release,0.0,clean,0.0,0.0,0.0,0,1,72,-1.13114415126351,24.03752059947752,25.16866475074103,26.980283997320132,-1.13114415126351,0.0
Kodak-PCD0992,unrestricted public release,0.0,clean,0.0,0.0,0.0,1,1,72,-0.9246579978410665,23.96614744325307,24.89080544109414,27.03340698845976,-0.9246579978410665,0.0
Kodak-PCD0992,unrestricted public release,0.0,clean,0.0,0.0,0.0,2,1,72,-1.2693915232595672,23.842685462478254,25.11207698573782,26.961102505543174,-1.2693915232595672,0.0
Kodak-PCD0992,unrestricted public release,0.0,clean,0.0,0.0,0.005,0,1,72,-1.149220844290415,24.019244220742635,25.16846506503305,26.98510807508084,-1.13114415126351,0.018076693026904955
Kodak-PCD0992,unrestricted public release,0.0,clean,0.0,0.0,0.005,1,1,72,-0.9233300918562636,23.963107373431555,24.88643746528782,27.0400859033449,-0.9246579978410665,-0.001327905984802924
Kodak-PCD0992,unrestricted public release,0.0,clean,0.0,0.0,0.005,2,1,72,-1.2754308412614077,23.834517456060635,25.109948297322042,26.962853326820326,-1.2693915232595672,0.0060393180018405435
Kodak-PCD0992,unrestricted public release,0.0,clean,0.0,0.0,0.01,0,1,72,-1.166108997212039,23.99702522417796,25.163134221390003,26.988302005397998,-1.13114415126351,0.034964845948529
Kodak-PCD0992,unrestricted public release,0.0,clean,0.0,0.0,0.01,1,1,72,-0.9244699635350754,23.95858352045303,24.883053483988103,27.04264427004224,-0.9246579978410665,-0.00018803430599112492
Kodak-PCD0992,unrestricted public release,0.0,clean,0.0,0.0,0.01,2,1,72,-1.2953494355063182,23.81152582854619,25.10687526405251,26.96524936863457,-1.2693915232595672,0.025957912246751036
Kodak-PCD0992,unrestricted public release,0.0,clean,0.0,0.0,0.02,0,1,72,-1.2322229233116757,23.93036803598761,25.162590959299283,27.00065377726152,-1.13114415126351,0.10107877204816562
Kodak-PCD0992,unrestricted public release,0.0,clean,0.0,0.0,0.02,1,1,72,-0.9568207301599989,23.92175276309286,24.87857349325286,27.05464144030664,-0.9246579978410665,0.03216273231893241
Kodak-PCD0992,unrestricted public release,0.0,clean,0.0,0.0,0.02,2,1,72,-1.3868270315622926,23.71774150182928,25.10456853339157,26.971841072941316,-1.2693915232595672,0.11743550830272542
Kodak-PCD0992,unrestricted public release,0.0,mild,0.25,0.5,0.0,0,4,288,-11.5216908115723,13.64697393916873,25.16866475074103,26.980283997320132,-1.13114415126351,10.39054666030879
Kodak-PCD0992,unrestricted public release,0.0,mild,0.25,0.5,0.0,1,4,288,-12.570153669224746,12.320651771869391,24.89080544109414,27.03340698845976,-0.9246579978410665,11.64549567138368
Kodak-PCD0992,unrestricted public release,0.0,mild,0.25,0.5,0.0,2,4,288,-11.803304958538334,13.308772027199485,25.11207698573782,26.961102505543174,-1.2693915232595672,10.533913435278766
Kodak-PCD0992,unrestricted public release,0.0,mild,0.25,0.5,0.005,0,4,288,-11.573319061528405,13.595146003504643,25.16846506503305,26.98510807508084,-1.13114415126351,10.442174910264896
Kodak-PCD0992,unrestricted public release,0.0,mild,0.25,0.5,0.005,1,4,288,-12.93593937271844,11.950498092569381,24.88643746528782,27.0400859033449,-0.9246579978410665,12.011281374877374
Kodak-PCD0992,unrestricted public release,0.0,mild,0.25,0.5,0.005,2,4,288,-11.782785142216575,13.327163155105469,25.109948297322042,26.962853326820326,-1.2693915232595672,10.513393618957007
Kodak-PCD0992,unrestricted public release,0.0,mild,0.25,0.5,0.01,0,4,288,-8.484799650090318,16.678334571299686,25.163134221390003,26.988302005397998,-1.13114415126351,7.353655498826808
Kodak-PCD0992,unrestricted public release,0.0,mild,0.25,0.5,0.01,1,4,288,-12.28629526580835,12.596758218179755,24.883053483988103,27.04264427004224,-0.9246579978410665,11.361637267967284
Kodak-PCD0992,unrestricted public release,0.0,mild,0.25,0.5,0.01,2,4,288,-12.277002967574077,12.829872296478435,25.10687526405251,26.96524936863457,-1.2693915232595672,11.00761144431451
Kodak-PCD0992,unrestricted public release,0.0,mild,0.25,0.5,0.02,0,4,288,-12.781586591353896,12.381004367945387,25.162590959299283,27.00065377726152,-1.13114415126351,11.650442440090387
Kodak-PCD0992,unrestricted public release,0.0,mild,0.25,0.5,0.02,1,4,288,-12.534721878940804,12.343851614312054,24.87857349325286,27.05464144030664,-0.9246579978410665,11.610063881099737
Kodak-PCD0992,unrestricted public release,0.0,mild,0.25,0.5,0.02,2,4,288,-12.94142643457048,12.16314209882109,25.10456853339157,26.971841072941316,-1.2693915232595672,11.672034911310913
Kodak-PCD0992,unrestricted public release,0.0,moderate,0.5,1.0,0.0,0,4,288,-15.37240327021658,9.79626148052445,25.16866475074103,26.980283997320132,-1.13114415126351,14.24125911895307
Kodak-PCD0992,unrestricted public release,0.0,moderate,0.5,1.0,0.0,1,4,288,-13.232127882973963,11.658677558120177,24.89080544109414,27.03340698845976,-0.9246579978410665,12.307469885132896
Kodak-PCD0992,unrestricted public release,0.0,moderate,0.5,1.0,0.0,2,4,288,-13.525588814929474,11.586488170808344,25.11207698573782,26.961102505543174,-1.2693915232595672,12.256197291669906
Kodak-PCD0992,unrestricted public release,0.0,moderate,0.5,1.0,0.005,0,4,288,-13.460915950221663,11.707549114811385,25.16846506503305,26.98510807508084,-1.13114415126351,12.329771798958152
Kodak-PCD0992,unrestricted public release,0.0,moderate,0.5,1.0,0.005,1,4,288,-14.797558486592887,10.08887897869493,24.88643746528782,27.0400859033449,-0.9246579978410665,13.87290048875182
Kodak-PCD0992,unrestricted public release,0.0,moderate,0.5,1.0,0.005,2,4,288,-14.332730534583241,10.7772177627388,25.109948297322042,26.962853326820326,-1.2693915232595672,13.063339011323674
Kodak-PCD0992,unrestricted public release,0.0,moderate,0.5,1.0,0.01,0,4,288,-14.691694841120146,10.471439380269853,25.163134221390003,26.988302005397998,-1.13114415126351,13.560550689856637
Kodak-PCD0992,unrestricted public release,0.0,moderate,0.5,1.0,0.01,1,4,288,-14.961629263422704,9.9214242205654,24.883053483988103,27.04264427004224,-0.9246579978410665,14.036971265581638
Kodak-PCD0992,unrestricted public release,0.0,moderate,0.5,1.0,0.01,2,4,288,-14.734980327275359,10.371894936777151,25.10687526405251,26.96524936863457,-1.2693915232595672,13.465588804015791
Kodak-PCD0992,unrestricted public release,0.0,moderate,0.5,1.0,0.02,0,4,288,-12.94431702487559,12.218273934423696,25.162590959299283,27.00065377726152,-1.13114415126351,11.813172873612078
Kodak-PCD0992,unrestricted public release,0.0,moderate,0.5,1.0,0.02,1,4,288,-14.443035083920263,10.435538409332594,24.87857349325286,27.05464144030664,-0.9246579978410665,13.518377086079196
Kodak-PCD0992,unrestricted public release,0.0,moderate,0.5,1.0,0.02,2,4,288,-15.151303007915613,9.953265525475958,25.10456853339157,26.971841072941316,-1.2693915232595672,13.881911484656046
Kodak-PCD0992,unrestricted public release,0.0,severe,1.0,2.0,0.0,0,4,288,-15.398898425178563,9.769766325562466,25.16866475074103,26.980283997320132,-1.13114415126351,14.267754273915052
Kodak-PCD0992,unrestricted public release,0.0,severe,1.0,2.0,0.0,1,4,288,-15.638140590031773,9.252664851062365,24.89080544109414,27.03340698845976,-0.9246579978410665,14.713482592190706
Kodak-PCD0992,unrestricted public release,0.0,severe,1.0,2.0,0.0,2,4,288,-15.839818562216571,9.272258423521246,25.11207698573782,26.961102505543174,-1.2693915232595672,14.570427038957003
Kodak-PCD0992,unrestricted public release,0.0,severe,1.0,2.0,0.005,0,4,288,-15.970924377097004,9.197540687936046,25.16846506503305,26.98510807508084,-1.13114415126351,14.839780225833493
Kodak-PCD0992,unrestricted public release,0.0,severe,1.0,2.0,0.005,1,4,288,-15.307002207434302,9.579435257853522,24.88643746528782,27.0400859033449,-0.9246579978410665,14.382344209593235
Kodak-PCD0992,unrestricted public release,0.0,severe,1.0,2.0,0.005,2,4,288,-15.532220096524384,9.577728200797658,25.109948297322042,26.962853326820326,-1.2693915232595672,14.262828573264816
Kodak-PCD0992,unrestricted public release,0.0,severe,1.0,2.0,0.01,0,4,288,-16.034679948277837,9.128454273112164,25.163134221390003,26.988302005397998,-1.13114415126351,14.903535797014328
Kodak-PCD0992,unrestricted public release,0.0,severe,1.0,2.0,0.01,1,4,288,-16.148136549062702,8.734916934925401,24.883053483988103,27.04264427004224,-0.9246579978410665,15.223478551221636
Kodak-PCD0992,unrestricted public release,0.0,severe,1.0,2.0,0.01,2,4,288,-15.559042771021808,9.547832493030702,25.10687526405251,26.96524936863457,-1.2693915232595672,14.28965124776224
Kodak-PCD0992,unrestricted public release,0.0,severe,1.0,2.0,0.02,0,4,288,-15.274402572156829,9.888188387142455,25.162590959299283,27.00065377726152,-1.13114415126351,14.143258420893318
Kodak-PCD0992,unrestricted public release,0.0,severe,1.0,2.0,0.02,1,4,288,-16.487558179437634,8.391015313815226,24.87857349325286,27.05464144030664,-0.9246579978410665,15.562900181596568
Kodak-PCD0992,unrestricted public release,0.0,severe,1.0,2.0,0.02,2,4,288,-16.043778173097063,9.06079036029451,25.10456853339157,26.971841072941316,-1.2693915232595672,14.774386649837496
Kodak-PCD0992,unrestricted public release,0.05,clean,0.0,0.0,0.0,0,4,288,-6.587962528580775,18.580702222160255,25.16866475074103,26.980283997320132,-1.13114415126351,5.456818377317265
Kodak-PCD0992,unrestricted public release,0.05,clean,0.0,0.0,0.0,1,4,288,-9.588567675352358,15.302237765741783,24.89080544109414,27.03340698845976,-0.9246579978410665,8.663909677511292
Kodak-PCD0992,unrestricted public release,0.05,clean,0.0,0.0,0.0,2,4,288,-7.000022494392873,18.112054491344946,25.11207698573782,26.961102505543174,-1.2693915232595672,5.730630971133306
Kodak-PCD0992,unrestricted public release,0.05,clean,0.0,0.0,0.005,0,4,288,-6.413487266994231,18.754977798038816,25.16846506503305,26.98510807508084,-1.13114415126351,5.282343115730721
Kodak-PCD0992,unrestricted public release,0.05,clean,0.0,0.0,0.005,1,4,288,-8.849978526109266,16.036458939178555,24.88643746528782,27.0400859033449,-0.9246579978410665,7.9253205282682
Kodak-PCD0992,unrestricted public release,0.05,clean,0.0,0.0,0.005,2,4,288,-6.212239983648987,18.897708313673053,25.109948297322042,26.962853326820326,-1.2693915232595672,4.9428484603894205
Kodak-PCD0992,unrestricted public release,0.05,clean,0.0,0.0,0.01,0,4,288,-7.285635018267944,17.87749920312206,25.163134221390003,26.988302005397998,-1.13114415126351,6.154490867004434
Kodak-PCD0992,unrestricted public release,0.05,clean,0.0,0.0,0.01,1,4,288,-8.62147969736702,16.261573786621085,24.883053483988103,27.04264427004224,-0.9246579978410665,7.6968216995259535
Kodak-PCD0992,unrestricted public release,0.05,clean,0.0,0.0,0.01,2,4,288,-7.414253648652858,17.692621615399652,25.10687526405251,26.96524936863457,-1.2693915232595672,6.144862125393291
Kodak-PCD0992,unrestricted public release,0.05,clean,0.0,0.0,0.02,0,4,288,-6.616254760118817,18.546336199180466,25.162590959299283,27.00065377726152,-1.13114415126351,5.485110608855307
Kodak-PCD0992,unrestricted public release,0.05,clean,0.0,0.0,0.02,1,4,288,-8.301618734465853,16.576954758787007,24.87857349325286,27.05464144030664,-0.9246579978410665,7.3769607366247865
Kodak-PCD0992,unrestricted public release,0.05,clean,0.0,0.0,0.02,2,4,288,-7.546403993480167,17.558164539911402,25.10456853339157,26.971841072941316,-1.2693915232595672,6.2770124702206
Kodak-PCD0992,unrestricted public release,0.05,mild,0.25,0.5,0.0,0,4,288,-10.694007182396547,14.474657568344485,25.16866475074103,26.980283997320132,-1.13114415126351,9.562863031133038
Kodak-PCD0992,unrestricted public release,0.05,mild,0.25,0.5,0.0,1,4,288,-13.469200199523478,11.421605241570662,24.89080544109414,27.03340698845976,-0.9246579978410665,12.544542201682411
Kodak-PCD0992,unrestricted public release,0.05,mild,0.25,0.5,0.0,2,4,288,-12.312934412146863,12.799142573590958,25.11207698573782,26.961102505543174,-1.2693915232595672,11.043542888887295
Kodak-PCD0992,unrestricted public release,0.05,mild,0.25,0.5,0.005,0,4,288,-11.998706410358887,13.169758654674162,25.16846506503305,26.98510807508084,-1.13114415126351,10.867562259095376
Kodak-PCD0992,unrestricted public release,0.05,mild,0.25,0.5,0.005,1,4,288,-12.469852651475874,12.416584813811946,24.88643746528782,27.0400859033449,-0.9246579978410665,11.545194653634807
Kodak-PCD0992,unrestricted public release,0.05,mild,0.25,0.5,0.005,2,4,288,-13.208507192300527,11.901441105021513,25.109948297322042,26.962853326820326,-1.2693915232595672,11.939115669040959
Kodak-PCD0992,unrestricted public release,0.05,mild,0.25,0.5,0.01,0,4,288,-11.82896604835556,13.334168173034442,25.163134221390003,26.988302005397998,-1.13114415126351,10.697821897092052
Kodak-PCD0992,unrestricted public release,0.05,mild,0.25,0.5,0.01,1,4,288,-14.102220053173433,10.780833430814674,24.883053483988103,27.04264427004224,-0.9246579978410665,13.177562055332366
Kodak-PCD0992,unrestricted public release,0.05,mild,0.25,0.5,0.01,2,4,288,-12.759721400544983,12.347153863507527,25.10687526405251,26.96524936863457,-1.2693915232595672,11.490329877285415
Kodak-PCD0992,unrestricted public release,0.05,mild,0.25,0.5,0.02,0,4,288,-12.801895543663907,12.360695415635378,25.162590959299283,27.00065377726152,-1.13114415126351,11.670751392400398
Kodak-PCD0992,unrestricted public release,0.05,mild,0.25,0.5,0.02,1,4,288,-12.914822375906395,11.963751117346463,24.87857349325286,27.05464144030664,-0.9246579978410665,11.990164378065328
Kodak-PCD0992,unrestricted public release,0.05,mild,0.25,0.5,0.02,2,4,288,-13.595259005977146,11.509309527414425,25.10456853339157,26.971841072941316,-1.2693915232595672,12.325867482717578
Kodak-PCD0992,unrestricted public release,0.05,moderate,0.5,1.0,0.0,0,4,288,-14.549145687803527,10.619519062937503,25.16866475074103,26.980283997320132,-1.13114415126351,13.418001536540018
Kodak-PCD0992,unrestricted public release,0.05,moderate,0.5,1.0,0.0,1,4,288,-13.556847834849384,11.333957606244756,24.89080544109414,27.03340698845976,-0.9246579978410665,12.632189837008317
Kodak-PCD0992,unrestricted public release,0.05,moderate,0.5,1.0,0.0,2,4,288,-14.172195638468814,10.939881347269004,25.11207698573782,26.961102505543174,-1.2693915232595672,12.902804115209246
Kodak-PCD0992,unrestricted public release,0.05,moderate,0.5,1.0,0.005,0,4,288,-15.151237640529635,10.017227424503412,25.16846506503305,26.98510807508084,-1.13114415126351,14.020093489266124
Kodak-PCD0992,unrestricted public release,0.05,moderate,0.5,1.0,0.005,1,4,288,-15.302164836534299,9.58427262875352,24.88643746528782,27.0400859033449,-0.9246579978410665,14.377506838693233
Kodak-PCD0992,unrestricted public release,0.05,moderate,0.5,1.0,0.005,2,4,288,-15.388491866117189,9.721456431204851,25.109948297322042,26.962853326820326,-1.2693915232595672,14.119100342857621
Kodak-PCD0992,unrestricted public release,0.05,moderate,0.5,1.0,0.01,0,4,288,-15.448251459985151,9.714882761404851,25.163134221390003,26.988302005397998,-1.13114415126351,14.317107308721642
Kodak-PCD0992,unrestricted public release,0.05,moderate,0.5,1.0,0.01,1,4,288,-15.54105203820924,9.342001445778864,24.883053483988103,27.04264427004224,-0.9246579978410665,14.616394040368174
Kodak-PCD0992,unrestricted public release,0.05,moderate,0.5,1.0,0.01,2,4,288,-14.396359559884205,10.710515704168305,25.10687526405251,26.96524936863457,-1.2693915232595672,13.126968036624637
Kodak-PCD0992,unrestricted public release,0.05,moderate,0.5,1.0,0.02,0,4,288,-13.768895514436705,11.39369544486258,25.162590959299283,27.00065377726152,-1.13114415126351,12.637751363173194
Kodak-PCD0992,unrestricted public release,0.05,moderate,0.5,1.0,0.02,1,4,288,-14.685115283530507,10.193458209722353,24.87857349325286,27.05464144030664,-0.9246579978410665,13.76045728568944
Kodak-PCD0992,unrestricted public release,0.05,moderate,0.5,1.0,0.02,2,4,288,-15.052248191736863,10.052320341654708,25.10456853339157,26.971841072941316,-1.2693915232595672,13.782856668477296
Kodak-PCD0992,unrestricted public release,0.05,severe,1.0,2.0,0.0,0,4,288,-15.584799878150044,9.583864872590986,25.16866475074103,26.980283997320132,-1.13114415126351,14.453655726886534
Kodak-PCD0992,unrestricted public release,0.05,severe,1.0,2.0,0.0,1,4,288,-16.013041054922017,8.877764386172123,24.89080544109414,27.03340698845976,-0.9246579978410665,15.08838305708095
Kodak-PCD0992,unrestricted public release,0.05,severe,1.0,2.0,0.0,2,4,288,-15.618557460310617,9.493519525427201,25.11207698573782,26.961102505543174,-1.2693915232595672,14.34916593705105
Kodak-PCD0992,unrestricted public release,0.05,severe,1.0,2.0,0.005,0,4,288,-15.266754481840845,9.901710583192203,25.16846506503305,26.98510807508084,-1.13114415126351,14.135610330577336
Kodak-PCD0992,unrestricted public release,0.05,severe,1.0,2.0,0.005,1,4,288,-16.42170297572124,8.46473448956658,24.88643746528782,27.0400859033449,-0.9246579978410665,15.497044977880172
Kodak-PCD0992,unrestricted public release,0.05,severe,1.0,2.0,0.005,2,4,288,-15.977392060062206,9.132556237259834,25.109948297322042,26.962853326820326,-1.2693915232595672,14.708000536802638
Kodak-PCD0992,unrestricted public release,0.05,severe,1.0,2.0,0.01,0,4,288,-15.784123980365722,9.379010241024282,25.163134221390003,26.988302005397998,-1.13114415126351,14.652979829102211
Kodak-PCD0992,unrestricted public release,0.05,severe,1.0,2.0,0.01,1,4,288,-15.10478594682978,9.778267537158325,24.883053483988103,27.04264427004224,-0.9246579978410665,14.180127948988714
Kodak-PCD0992,unrestricted public release,0.05,severe,1.0,2.0,0.01,2,4,288,-16.32655278665554,8.780322477396972,25.10687526405251,26.96524936863457,-1.2693915232595672,15.057161263395972
Kodak-PCD0992,unrestricted public release,0.05,severe,1.0,2.0,0.02,0,4,288,-16.089318007752365,9.073272951546919,25.162590959299283,27.00065377726152,-1.13114415126351,14.958173856488855
Kodak-PCD0992,unrestricted public release,0.05,severe,1.0,2.0,0.02,1,4,288,-15.448406644013321,9.430166849239537,24.87857349325286,27.05464144030664,-0.9246579978410665,14.523748646172255
Kodak-PCD0992,unrestricted public release,0.05,severe,1.0,2.0,0.02,2,4,288,-16.104958596145003,8.999609937246568,25.10456853339157,26.971841072941316,-1.2693915232595672,14.835567072885436
Kodak-PCD0992,unrestricted public release,0.1,clean,0.0,0.0,0.0,0,4,288,-10.389921112830226,14.778743637910805,25.16866475074103,26.980283997320132,-1.13114415126351,9.258776961566717
Kodak-PCD0992,unrestricted public release,0.1,clean,0.0,0.0,0.0,1,4,288,-12.156765734382297,12.734039706711842,24.89080544109414,27.03340698845976,-0.9246579978410665,11.23210773654123
Kodak-PCD0992,unrestricted public release,0.1,clean,0.0,0.0,0.0,2,4,288,-12.044917612808357,13.06715937292946,25.11207698573782,26.961102505543174,-1.2693915232595672,10.775526089548789
Kodak-PCD0992,unrestricted public release,0.1,clean,0.0,0.0,0.005,0,4,288,-10.067362583306288,15.10110248172676,25.16846506503305,26.98510807508084,-1.13114415126351,8.936218432042779
Kodak-PCD0992,unrestricted public release,0.1,clean,0.0,0.0,0.005,1,4,288,-12.979445644672168,11.906991820615652,24.88643746528782,27.0400859033449,-0.9246579978410665,12.054787646831102
Kodak-PCD0992,unrestricted public release,0.1,clean,0.0,0.0,0.005,2,4,288,-11.020067216749258,14.089881080572786,25.109948297322042,26.962853326820326,-1.2693915232595672,9.75067569348969
Kodak-PCD0992,unrestricted public release,0.1,clean,0.0,0.0,0.01,0,4,288,-10.071982209333822,15.09115201205618,25.163134221390003,26.988302005397998,-1.13114415126351,8.940838058070312
Kodak-PCD0992,unrestricted public release,0.1,clean,0.0,0.0,0.01,1,4,288,-12.401574909695633,12.48147857429247,24.883053483988103,27.04264427004224,-0.9246579978410665,11.476916911854566
Kodak-PCD0992,unrestricted public release,0.1,clean,0.0,0.0,0.01,2,4,288,-11.03686366007312,14.070011603979388,25.10687526405251,26.96524936863457,-1.2693915232595672,9.767472136813552
Kodak-PCD0992,unrestricted public release,0.1,clean,0.0,0.0,0.02,0,4,288,-10.31250731226865,14.850083647030633,25.162590959299283,27.00065377726152,-1.13114415126351,9.181363161005141
Kodak-PCD0992,unrestricted public release,0.1,clean,0.0,0.0,0.02,1,4,288,-12.20767389348375,12.670899599769108,24.87857349325286,27.05464144030664,-0.9246579978410665,11.283015895642684
Kodak-PCD0992,unrestricted public release,0.1,clean,0.0,0.0,0.02,2,4,288,-10.073233348180784,15.031335185210786,25.10456853339157,26.971841072941316,-1.2693915232595672,8.803841824921216
Kodak-PCD0992,unrestricted public release,0.1,mild,0.25,0.5,0.0,0,4,288,-12.392739124706516,12.775925626034514,25.16866475074103,26.980283997320132,-1.13114415126351,11.261594973443007
Kodak-PCD0992,unrestricted public release,0.1,mild,0.25,0.5,0.0,1,4,288,-14.03591445980861,10.854890981285529,24.89080544109414,27.03340698845976,-0.9246579978410665,13.111256461967544
Kodak-PCD0992,unrestricted public release,0.1,mild,0.25,0.5,0.0,2,4,288,-13.375220440377669,11.736856545360148,25.11207698573782,26.961102505543174,-1.2693915232595672,12.105828917118101
Kodak-PCD0992,unrestricted public release,0.1,mild,0.25,0.5,0.005,0,4,288,-11.923035971838646,13.245429093194403,25.16846506503305,26.98510807508084,-1.13114415126351,10.791891820575135
Kodak-PCD0992,unrestricted public release,0.1,mild,0.25,0.5,0.005,1,4,288,-13.980385805688053,10.906051659599767,24.88643746528782,27.0400859033449,-0.9246579978410665,13.055727807846987
Kodak-PCD0992,unrestricted public release,0.1,mild,0.25,0.5,0.005,2,4,288,-12.993749691217753,12.116198606104287,25.109948297322042,26.962853326820326,-1.2693915232595672,11.724358167958185
Kodak-PCD0992,unrestricted public release,0.1,mild,0.25,0.5,0.01,0,4,288,-12.310647384631208,12.852486836758793,25.163134221390003,26.988302005397998,-1.13114415126351,11.179503233367697
Kodak-PCD0992,unrestricted public release,0.1,mild,0.25,0.5,0.01,1,4,288,-13.299026401669556,11.58402708231855,24.883053483988103,27.04264427004224,-0.9246579978410665,12.37436840382849
Kodak-PCD0992,unrestricted public release,0.1,mild,0.25,0.5,0.01,2,4,288,-13.347910609667204,11.758964654385306,25.10687526405251,26.96524936863457,-1.2693915232595672,12.078519086407637
Kodak-PCD0992,unrestricted public release,0.1,mild,0.25,0.5,0.02,0,4,288,-12.687029652083556,12.475561307215727,25.162590959299283,27.00065377726152,-1.13114415126351,11.555885500820047
Kodak-PCD0992,unrestricted public release,0.1,mild,0.25,0.5,0.02,1,4,288,-13.387894080337594,11.490679412915265,24.87857349325286,27.05464144030664,-0.9246579978410665,12.463236082496527
Kodak-PCD0992,unrestricted public release,0.1,mild,0.25,0.5,0.02,2,4,288,-13.423537162554394,11.681031370837175,25.10456853339157,26.971841072941316,-1.2693915232595672,12.154145639294827
Kodak-PCD0992,unrestricted public release,0.1,moderate,0.5,1.0,0.0,0,4,288,-14.454405963907611,10.714258786833417,25.16866475074103,26.980283997320132,-1.13114415126351,13.323261812644102
Kodak-PCD0992,unrestricted public release,0.1,moderate,0.5,1.0,0.0,1,4,288,-14.189175443461764,10.701629997632374,24.89080544109414,27.03340698845976,-0.9246579978410665,13.264517445620697
Kodak-PCD0992,unrestricted public release,0.1,moderate,0.5,1.0,0.0,2,4,288,-14.698607754057896,10.413469231679922,25.11207698573782,26.961102505543174,-1.2693915232595672,13.429216230798328
Kodak-PCD0992,unrestricted public release,0.1,moderate,0.5,1.0,0.005,0,4,288,-14.61471592177388,10.553749143259166,25.16846506503305,26.98510807508084,-1.13114415126351,13.48357177051037
Kodak-PCD0992,unrestricted public release,0.1,moderate,0.5,1.0,0.005,1,4,288,-15.532508761200193,9.353928704087629,24.88643746528782,27.0400859033449,-0.9246579978410665,14.607850763359126
Kodak-PCD0992,unrestricted public release,0.1,moderate,0.5,1.0,0.005,2,4,288,-14.556271883854167,10.553676413467874,25.109948297322042,26.962853326820326,-1.2693915232595672,13.2868803605946
Kodak-PCD0992,unrestricted public release,0.1,moderate,0.5,1.0,0.01,0,4,288,-15.154717000683238,10.008417220706766,25.163134221390003,26.988302005397998,-1.13114415126351,14.023572849419729
Kodak-PCD0992,unrestricted public release,0.1,moderate,0.5,1.0,0.01,1,4,288,-14.73150605721003,10.151547426778077,24.883053483988103,27.04264427004224,-0.9246579978410665,13.806848059368964
Kodak-PCD0992,unrestricted public release,0.1,moderate,0.5,1.0,0.01,2,4,288,-14.524781862610704,10.582093401441805,25.10687526405251,26.96524936863457,-1.2693915232595672,13.255390339351136
Kodak-PCD0992,unrestricted public release,0.1,moderate,0.5,1.0,0.02,0,4,288,-15.473814026247384,9.6887769330519,25.162590959299283,27.00065377726152,-1.13114415126351,14.342669874983873
Kodak-PCD0992,unrestricted public release,0.1,moderate,0.5,1.0,0.02,1,4,288,-14.311475750649517,10.567097742603341,24.87857349325286,27.05464144030664,-0.9246579978410665,13.38681775280845
Kodak-PCD0992,unrestricted public release,0.1,moderate,0.5,1.0,0.02,2,4,288,-14.813168033769204,10.291400499622366,25.10456853339157,26.971841072941316,-1.2693915232595672,13.543776510509636
Kodak-PCD0992,unrestricted public release,0.1,severe,1.0,2.0,0.0,0,4,288,-15.536026279911747,9.632638470829283,25.16866475074103,26.980283997320132,-1.13114415126351,14.404882128648236
Kodak-PCD0992,unrestricted public release,0.1,severe,1.0,2.0,0.0,1,4,288,-16.229378673862787,8.661426767231353,24.89080544109414,27.03340698845976,-0.9246579978410665,15.30472067602172
Kodak-PCD0992,unrestricted public release,0.1,severe,1.0,2.0,0.0,2,4,288,-16.16011812392037,8.95195886181745,25.11207698573782,26.961102505543174,-1.2693915232595672,14.890726600660802
Kodak-PCD0992,unrestricted public release,0.1,severe,1.0,2.0,0.005,0,4,288,-15.756245439068383,9.412219625964665,25.16846506503305,26.98510807508084,-1.13114415126351,14.625101287804874
Kodak-PCD0992,unrestricted public release,0.1,severe,1.0,2.0,0.005,1,4,288,-14.696758463975279,10.189679001312543,24.88643746528782,27.0400859033449,-0.9246579978410665,13.772100466134212
Kodak-PCD0992,unrestricted public release,0.1,severe,1.0,2.0,0.005,2,4,288,-14.88152774620981,10.228420551112231,25.109948297322042,26.962853326820326,-1.2693915232595672,13.612136222950243
Kodak-PCD0992,unrestricted public release,0.1,severe,1.0,2.0,0.01,0,4,288,-15.840661761334978,9.322472460055021,25.163134221390003,26.988302005397998,-1.13114415126351,14.709517610071469
Kodak-PCD0992,unrestricted public release,0.1,severe,1.0,2.0,0.01,1,4,288,-16.001462326002624,8.881591157985483,24.883053483988103,27.04264427004224,-0.9246579978410665,15.076804328161558
Kodak-PCD0992,unrestricted public release,0.1,severe,1.0,2.0,0.01,2,4,288,-15.599548402086135,9.507326861966375,25.10687526405251,26.96524936863457,-1.2693915232595672,14.330156878826568
Kodak-PCD0992,unrestricted public release,0.1,severe,1.0,2.0,0.02,0,4,288,-15.274110826559207,9.888480132740078,25.162590959299283,27.00065377726152,-1.13114415126351,14.142966675295696
Kodak-PCD0992,unrestricted public release,0.1,severe,1.0,2.0,0.02,1,4,288,-15.622201040622453,9.256372452630407,24.87857349325286,27.05464144030664,-0.9246579978410665,14.697543042781387
Kodak-PCD0992,unrestricted public release,0.1,severe,1.0,2.0,0.02,2,4,288,-15.184864832834693,9.919703700556878,25.10456853339157,26.971841072941316,-1.2693915232595672,13.915473309575125
Kodak-PCD0992,unrestricted public release,0.2,clean,0.0,0.0,0.0,0,4,288,-13.500561684441832,11.668103066299198,25.16866475074103,26.980283997320132,-1.13114415126351,12.369417533178321
Kodak-PCD0992,unrestricted public release,0.2,clean,0.0,0.0,0.0,1,4,288,-14.859357493693889,10.031447947400247,24.89080544109414,27.03340698845976,-0.9246579978410665,13.934699495852822
Kodak-PCD0992,unrestricted public release,0.2,clean,0.0,0.0,0.0,2,4,288,-13.77856745824695,11.333509527490868,25.11207698573782,26.961102505543174,-1.2693915232595672,12.509175934987383
Kodak-PCD0992,unrestricted public release,0.2,clean,0.0,0.0,0.005,0,4,288,-13.583411741500559,11.58505332353249,25.16846506503305,26.98510807508084,-1.13114415126351,12.45226759023705
Kodak-PCD0992,unrestricted public release,0.2,clean,0.0,0.0,0.005,1,4,288,-15.140942503234918,9.745494962052904,24.88643746528782,27.0400859033449,-0.9246579978410665,14.216284505393851
Kodak-PCD0992,unrestricted public release,0.2,clean,0.0,0.0,0.005,2,4,288,-14.069156082402312,11.04079221491973,25.109948297322042,26.962853326820326,-1.2693915232595672,12.799764559142744
Kodak-PCD0992,unrestricted public release,0.2,clean,0.0,0.0,0.01,0,4,288,-13.496538502456302,11.6665957189337,25.163134221390003,26.988302005397998,-1.13114415126351,12.36539435119279
Kodak-PCD0992,unrestricted public release,0.2,clean,0.0,0.0,0.01,1,4,288,-15.087071374069094,9.795982109919011,24.883053483988103,27.04264427004224,-0.9246579978410665,14.162413376228027
Kodak-PCD0992,unrestricted public release,0.2,clean,0.0,0.0,0.01,2,4,288,-14.094377011125243,11.012498252927267,25.10687526405251,26.96524936863457,-1.2693915232595672,12.824985487865675
Kodak-PCD0992,unrestricted public release,0.2,clean,0.0,0.0,0.02,0,4,288,-12.747163727136407,12.415427232162877,25.162590959299283,27.00065377726152,-1.13114415126351,11.616019575872897
Kodak-PCD0992,unrestricted public release,0.2,clean,0.0,0.0,0.02,1,4,288,-14.542298081974755,10.336275411278105,24.87857349325286,27.05464144030664,-0.9246579978410665,13.617640084133688
Kodak-PCD0992,unrestricted public release,0.2,clean,0.0,0.0,0.02,2,4,288,-14.121272345449691,10.98329618794188,25.10456853339157,26.971841072941316,-1.2693915232595672,12.851880822190124
Kodak-PCD0992,unrestricted public release,0.2,mild,0.25,0.5,0.0,0,4,288,-13.882267621416835,11.286397129324195,25.16866475074103,26.980283997320132,-1.13114415126351,12.751123470153324
Kodak-PCD0992,unrestricted public release,0.2,mild,0.25,0.5,0.0,1,4,288,-15.157318245890629,9.73348719520351,24.89080544109414,27.03340698845976,-0.9246579978410665,14.232660248049562
Kodak-PCD0992,unrestricted public release,0.2,mild,0.25,0.5,0.0,2,4,288,-14.718406899410414,10.393670086327404,25.11207698573782,26.961102505543174,-1.2693915232595672,13.449015376150847
Kodak-PCD0992,unrestricted public release,0.2,mild,0.25,0.5,0.005,0,4,288,-14.40785081819694,10.76061424683611,25.16846506503305,26.98510807508084,-1.13114415126351,13.276706666933428
Kodak-PCD0992,unrestricted public release,0.2,mild,0.25,0.5,0.005,1,4,288,-15.390569329148187,9.495868136139634,24.88643746528782,27.0400859033449,-0.9246579978410665,14.46591133130712
Kodak-PCD0992,unrestricted public release,0.2,mild,0.25,0.5,0.005,2,4,288,-14.199642764672365,10.910305532649677,25.109948297322042,26.962853326820326,-1.2693915232595672,12.930251241412797
Kodak-PCD0992,unrestricted public release,0.2,mild,0.25,0.5,0.01,0,4,288,-14.17272525145618,10.99040896993382,25.163134221390003,26.988302005397998,-1.13114415126351,13.04158110019267
Kodak-PCD0992,unrestricted public release,0.2,mild,0.25,0.5,0.01,1,4,288,-15.677692759907712,9.205360724080391,24.883053483988103,27.04264427004224,-0.9246579978410665,14.753034762066646
Kodak-PCD0992,unrestricted public release,0.2,mild,0.25,0.5,0.01,2,4,288,-14.955381230591481,10.151494033461027,25.10687526405251,26.96524936863457,-1.2693915232595672,13.685989707331913
Kodak-PCD0992,unrestricted public release,0.2,mild,0.25,0.5,0.02,0,4,288,-14.301580352604061,10.861010606695224,25.162590959299283,27.00065377726152,-1.13114415126351,13.17043620134055
Kodak-PCD0992,unrestricted public release,0.2,mild,0.25,0.5,0.02,1,4,288,-15.298869486838337,9.579704006414522,24.87857349325286,27.05464144030664,-0.9246579978410665,14.37421148899727
Kodak-PCD0992,unrestricted public release,0.2,mild,0.25,0.5,0.02,2,4,288,-14.44870785263687,10.6558606807547,25.10456853339157,26.971841072941316,-1.2693915232595672,13.179316329377302
Kodak-PCD0992,unrestricted public release,0.2,moderate,0.5,1.0,0.0,0,4,288,-14.71118883082406,10.457475919916972,25.16866475074103,26.980283997320132,-1.13114415126351,13.580044679560551
Kodak-PCD0992,unrestricted public release,0.2,moderate,0.5,1.0,0.0,1,4,288,-15.322276853177474,9.568528587916667,24.89080544109414,27.03340698845976,-0.9246579978410665,14.397618855336408
Kodak-PCD0992,unrestricted public release,0.2,moderate,0.5,1.0,0.0,2,4,288,-14.75133110000961,10.36074588572821,25.11207698573782,26.961102505543174,-1.2693915232595672,13.481939576750042
Kodak-PCD0992,unrestricted public release,0.2,moderate,0.5,1.0,0.005,0,4,288,-14.795173688256808,10.37329137677624,25.16846506503305,26.98510807508084,-1.13114415126351,13.664029536993297
Kodak-PCD0992,unrestricted public release,0.2,moderate,0.5,1.0,0.005,1,4,288,-16.07774368526262,8.8086937800252,24.88643746528782,27.0400859033449,-0.9246579978410665,15.153085687421555
Kodak-PCD0992,unrestricted public release,0.2,moderate,0.5,1.0,0.005,2,4,288,-14.649890444652222,10.460057852669822,25.109948297322042,26.962853326820326,-1.2693915232595672,13.380498921392654
Kodak-PCD0992,unrestricted public release,0.2,moderate,0.5,1.0,0.01,0,4,288,-14.831860351859907,10.331273869530097,25.163134221390003,26.988302005397998,-1.13114415126351,13.700716200596396
Kodak-PCD0992,unrestricted public release,0.2,moderate,0.5,1.0,0.01,1,4,288,-15.64673499213685,9.236318491851256,24.883053483988103,27.04264427004224,-0.9246579978410665,14.722076994295783
Kodak-PCD0992,unrestricted public release,0.2,moderate,0.5,1.0,0.01,2,4,288,-15.30185511014575,9.80502015390676,25.10687526405251,26.96524936863457,-1.2693915232595672,14.032463586886182
Kodak-PCD0992,unrestricted public release,0.2,moderate,0.5,1.0,0.02,0,4,288,-14.73529567317538,10.427295286123902,25.162590959299283,27.00065377726152,-1.13114415126351,13.60415152191187
Kodak-PCD0992,unrestricted public release,0.2,moderate,0.5,1.0,0.02,1,4,288,-15.479406926244328,9.39916656700853,24.87857349325286,27.05464144030664,-0.9246579978410665,14.554748928403262
Kodak-PCD0992,unrestricted public release,0.2,moderate,0.5,1.0,0.02,2,4,288,-15.461277100938739,9.643291432452832,25.10456853339157,26.971841072941316,-1.2693915232595672,14.191885577679171
Kodak-PCD0992,unrestricted public release,0.2,severe,1.0,2.0,0.0,0,4,288,-15.846660878860575,9.322003871880455,25.16866475074103,26.980283997320132,-1.13114415126351,14.715516727597066
Kodak-PCD0992,unrestricted public release,0.2,severe,1.0,2.0,0.0,1,4,288,-16.26242366166101,8.628381779433129,24.89080544109414,27.03340698845976,-0.9246579978410665,15.337765663819944
Kodak-PCD0992,unrestricted public release,0.2,severe,1.0,2.0,0.0,2,4,288,-15.634435639067334,9.477641346670485,25.11207698573782,26.961102505543174,-1.2693915232595672,14.365044115807766
Kodak-PCD0992,unrestricted public release,0.2,severe,1.0,2.0,0.005,0,4,288,-15.621710800345905,9.546754264687143,25.16846506503305,26.98510807508084,-1.13114415126351,14.490566649082396
Kodak-PCD0992,unrestricted public release,0.2,severe,1.0,2.0,0.005,1,4,288,-16.215077500947352,8.671359964340468,24.88643746528782,27.0400859033449,-0.9246579978410665,15.290419503106286
Kodak-PCD0992,unrestricted public release,0.2,severe,1.0,2.0,0.005,2,4,288,-15.888950722628206,9.220997574693834,25.109948297322042,26.962853326820326,-1.2693915232595672,14.619559199368638
Kodak-PCD0992,unrestricted public release,0.2,severe,1.0,2.0,0.01,0,4,288,-16.0920773819269,9.071056839463104,25.163134221390003,26.988302005397998,-1.13114415126351,14.96093323066339
Kodak-PCD0992,unrestricted public release,0.2,severe,1.0,2.0,0.01,1,4,288,-16.339478718288714,8.543574765699391,24.883053483988103,27.04264427004224,-0.9246579978410665,15.414820720447647
Kodak-PCD0992,unrestricted public release,0.2,severe,1.0,2.0,0.01,2,4,288,-15.307889074397476,9.798986189655032,25.10687526405251,26.96524936863457,-1.2693915232595672,14.038497551137908
Kodak-PCD0992,unrestricted public release,0.2,severe,1.0,2.0,0.02,0,4,288,-16.05911305417,9.103477905129287,25.162590959299283,27.00065377726152,-1.13114415126351,14.927968902906489
Kodak-PCD0992,unrestricted public release,0.2,severe,1.0,2.0,0.02,1,4,288,-16.15830472912825,8.72026876412461,24.87857349325286,27.05464144030664,-0.9246579978410665,15.233646731287184
Kodak-PCD0992,unrestricted public release,0.2,severe,1.0,2.0,0.02,2,4,288,-15.359063820029498,9.745504713362074,25.10456853339157,26.971841072941316,-1.2693915232595672,14.08967229676993
UCID,1338 public citation subset,0.0,clean,0.0,0.0,0.0,0,1,72,1.3827631855040592,22.365326070758357,20.982562885254296,23.06411630882179,1.3827631855040592,0.0
UCID,1338 public citation subset,0.0,clean,0.0,0.0,0.0,1,1,72,1.971665132427142,22.62818309161509,20.656517959187948,23.23053303408501,1.971665132427142,0.0
UCID,1338 public citation subset,0.0,clean,0.0,0.0,0.0,2,1,72,1.5682803010157975,22.52504512253371,20.95676482151792,23.21200456270985,1.5682803010157975,0.0
UCID,1338 public citation subset,0.0,clean,0.0,0.0,0.005,0,1,72,1.3885383641572324,22.368587952201775,20.980049588044544,23.069088733005803,1.3827631855040592,-0.00577517865317323
UCID,1338 public citation subset,0.0,clean,0.0,0.0,0.005,1,1,72,1.9730493723266929,22.62335119291963,20.650301820592933,23.233736838183383,1.971665132427142,-0.001384239899550943
UCID,1338 public citation subset,0.0,clean,0.0,0.0,0.005,2,1,72,1.5794102705665203,22.53255974917489,20.953149478608367,23.21634676681883,1.5682803010157975,-0.011129969550722763
UCID,1338 public citation subset,0.0,clean,0.0,0.0,0.01,0,1,72,1.385893281797971,22.362530782751136,20.976637500953167,23.074657826271135,1.3827631855040592,-0.0031300962939118104
UCID,1338 public citation subset,0.0,clean,0.0,0.0,0.01,1,1,72,1.9684532383284734,22.613937986921815,20.645484748593343,23.240267817903682,1.971665132427142,0.0032118940986685107
UCID,1338 public citation subset,0.0,clean,0.0,0.0,0.01,2,1,72,1.5818571492619453,22.533238983616474,20.95138183435453,23.222877072055983,1.5682803010157975,-0.013576848246147799
UCID,1338 public citation subset,0.0,clean,0.0,0.0,0.02,0,1,72,1.3747928546546544,22.347524545311575,20.97273169065692,23.082303317209764,1.3827631855040592,0.007970330849404794
UCID,1338 public citation subset,0.0,clean,0.0,0.0,0.02,1,1,72,1.9505978930990082,22.586567157444296,20.63596926434529,23.24861725244994,1.971665132427142,0.021067239328133702
UCID,1338 public citation subset,0.0,clean,0.0,0.0,0.02,2,1,72,1.5510045994480708,22.49488112566053,20.94387652621246,23.22983126028515,1.5682803010157975,0.01727570156772673
UCID,1338 public citation subset,0.0,mild,0.25,0.5,0.0,0,4,288,-7.230043818300375,13.752519066953923,20.982562885254296,23.06411630882179,1.3827631855040592,8.612807003804434
UCID,1338 public citation subset,0.0,mild,0.25,0.5,0.0,1,4,288,-8.072890995159533,12.583626964028413,20.656517959187948,23.23053303408501,1.971665132427142,10.044556127586674
UCID,1338 public citation subset,0.0,mild,0.25,0.5,0.0,2,4,288,-7.481776621343881,13.474988200174035,20.95676482151792,23.21200456270985,1.5682803010157975,9.050056922359678
UCID,1338 public citation subset,0.0,mild,0.25,0.5,0.005,0,4,288,-7.5041149341206,13.475934653923943,20.980049588044544,23.069088733005803,1.3827631855040592,8.88687811962466
UCID,1338 public citation subset,0.0,mild,0.25,0.5,0.005,1,4,288,-8.320822184696024,12.32947963589691,20.650301820592933,23.233736838183383,1.971665132427142,10.292487317123165
UCID,1338 public citation subset,0.0,mild,0.25,0.5,0.005,2,4,288,-7.35717288681523,13.595976591793137,20.953149478608367,23.21634676681883,1.5682803010157975,8.925453187831028
UCID,1338 public citation subset,0.0,mild,0.25,0.5,0.01,0,4,288,-4.325352283666382,16.651285217286787,20.976637500953167,23.074657826271135,1.3827631855040592,5.7081154691704405
UCID,1338 public citation subset,0.0,mild,0.25,0.5,0.01,1,4,288,-7.674034815925613,12.97144993266773,20.645484748593343,23.240267817903682,1.971665132427142,9.645699948352755
UCID,1338 public citation subset,0.0,mild,0.25,0.5,0.01,2,4,288,-8.212744094482469,12.738637739872061,20.95138183435453,23.222877072055983,1.5682803010157975,9.781024395498266
UCID,1338 public citation subset,0.0,mild,0.25,0.5,0.02,0,4,288,-8.632721369712113,12.340010320944808,20.97273169065692,23.082303317209764,1.3827631855040592,10.015484555216172
UCID,1338 public citation subset,0.0,mild,0.25,0.5,0.02,1,4,288,-7.965531240030144,12.670438024315144,20.63596926434529,23.24861725244994,1.971665132427142,9.937196372457286
UCID,1338 public citation subset,0.0,mild,0.25,0.5,0.02,2,4,288,-8.733863029809926,12.210013496402533,20.94387652621246,23.22983126028515,1.5682803010157975,10.302143330825723
UCID,1338 public citation subset,0.0,moderate,0.5,1.0,0.0,0,4,288,-11.179677391841562,9.802885493412735,20.982562885254296,23.06411630882179,1.3827631855040592,12.56244057734562
UCID,1338 public citation subset,0.0,moderate,0.5,1.0,0.0,1,4,288,-9.00785398301224,11.648663976175705,20.656517959187948,23.23053303408501,1.971665132427142,10.97951911543938
UCID,1338 public citation subset,0.0,moderate,0.5,1.0,0.0,2,4,288,-9.226095239826408,11.730669581691508,20.95676482151792,23.21200456270985,1.5682803010157975,10.794375540842205
UCID,1338 public citation subset,0.0,moderate,0.5,1.0,0.005,0,4,288,-9.245730691614815,11.734318896429729,20.980049588044544,23.069088733005803,1.3827631855040592,10.628493877118874
UCID,1338 public citation subset,0.0,moderate,0.5,1.0,0.005,1,4,288,-10.50894575444869,10.141356066144242,20.650301820592933,23.233736838183383,1.971665132427142,12.480610886875834
UCID,1338 public citation subset,0.0,moderate,0.5,1.0,0.005,2,4,288,-10.000066266982653,10.953083211625716,20.953149478608367,23.21634676681883,1.5682803010157975,11.56834656799845
UCID,1338 public citation subset,0.0,moderate,0.5,1.0,0.01,0,4,288,-10.485258498866722,10.491379002086445,20.976637500953167,23.074657826271135,1.3827631855040592,11.868021684370781
UCID,1338 public citation subset,0.0,moderate,0.5,1.0,0.01,1,4,288,-10.467295844714094,10.178188903879247,20.645484748593343,23.240267817903682,1.971665132427142,12.438960977141235
UCID,1338 public citation subset,0.0,moderate,0.5,1.0,0.01,2,4,288,-10.660082300849222,10.291299533505308,20.95138183435453,23.222877072055983,1.5682803010157975,12.228362601865019
UCID,1338 public citation subset,0.0,moderate,0.5,1.0,0.02,0,4,288,-8.679500170065872,12.29323152059105,20.97273169065692,23.082303317209764,1.3827631855040592,10.06226335556993
UCID,1338 public citation subset,0.0,moderate,0.5,1.0,0.02,1,4,288,-10.025209822806886,10.610759441538404,20.63596926434529,23.24861725244994,1.971665132427142,11.996874955234027
UCID,1338 public citation subset,0.0,moderate,0.5,1.0,0.02,2,4,288,-11.051224279216227,9.892652246996233,20.94387652621246,23.22983126028515,1.5682803010157975,12.619504580232023
UCID,1338 public citation subset,0.0,severe,1.0,2.0,0.0,0,4,288,-11.323602117354362,9.658960767899934,20.982562885254296,23.06411630882179,1.3827631855040592,12.706365302858421
UCID,1338 public citation subset,0.0,severe,1.0,2.0,0.0,1,4,288,-11.113200505597307,9.543317453590639,20.656517959187948,23.23053303408501,1.971665132427142,13.08486563802445
UCID,1338 public citation subset,0.0,severe,1.0,2.0,0.0,2,4,288,-11.851232787509495,9.105532034008423,20.95676482151792,23.21200456270985,1.5682803010157975,13.419513088525292
UCID,1338 public citation subset,0.0,severe,1.0,2.0,0.005,0,4,288,-11.93120306173785,9.048846526306694,20.980049588044544,23.069088733005803,1.3827631855040592,13.31396624724191
UCID,1338 public citation subset,0.0,severe,1.0,2.0,0.005,1,4,288,-10.945910157546704,9.70439166304623,20.650301820592933,23.233736838183383,1.971665132427142,12.917575289973847
UCID,1338 public citation subset,0.0,severe,1.0,2.0,0.005,2,4,288,-11.349206506387118,9.603942972221251,20.953149478608367,23.21634676681883,1.5682803010157975,12.917486807402915
UCID,1338 public citation subset,0.0,severe,1.0,2.0,0.01,0,4,288,-11.923996942083914,9.052640558869252,20.976637500953167,23.074657826271135,1.3827631855040592,13.306760127587973
UCID,1338 public citation subset,0.0,severe,1.0,2.0,0.01,1,4,288,-11.758317829599248,8.887166918994094,20.645484748593343,23.240267817903682,1.971665132427142,13.72998296202639
UCID,1338 public citation subset,0.0,severe,1.0,2.0,0.01,2,4,288,-11.367674987900973,9.583706846453559,20.95138183435453,23.222877072055983,1.5682803010157975,12.93595528891677
UCID,1338 public citation subset,0.0,severe,1.0,2.0,0.02,0,4,288,-11.238716686002402,9.73401500465452,20.97273169065692,23.082303317209764,1.3827631855040592,12.62147987150646
UCID,1338 public citation subset,0.0,severe,1.0,2.0,0.02,1,4,288,-12.023538659663817,8.612430604681473,20.63596926434529,23.24861725244994,1.971665132427142,13.995203792090958
UCID,1338 public citation subset,0.0,severe,1.0,2.0,0.02,2,4,288,-11.843669688608635,9.100206837603826,20.94387652621246,23.22983126028515,1.5682803010157975,13.411949989624432
UCID,1338 public citation subset,0.05,clean,0.0,0.0,0.0,0,4,288,-2.6873645616619886,18.29519832359231,20.982562885254296,23.06411630882179,1.3827631855040592,4.0701277471660475
UCID,1338 public citation subset,0.05,clean,0.0,0.0,0.0,1,4,288,-5.078922419764622,15.577595539423324,20.656517959187948,23.23053303408501,1.971665132427142,7.050587552191764
UCID,1338 public citation subset,0.05,clean,0.0,0.0,0.0,2,4,288,-3.1244937062179674,17.83227111529995,20.95676482151792,23.21200456270985,1.5682803010157975,4.692774007233765
UCID,1338 public citation subset,0.05,clean,0.0,0.0,0.005,0,4,288,-2.612050011564337,18.36799957648021,20.980049588044544,23.069088733005803,1.3827631855040592,3.994813197068396
UCID,1338 public citation subset,0.05,clean,0.0,0.0,0.005,1,4,288,-4.164331875558704,16.485969945034228,20.650301820592933,23.233736838183383,1.971665132427142,6.135997007985846
UCID,1338 public citation subset,0.05,clean,0.0,0.0,0.005,2,4,288,-2.187544314819061,18.765605163789306,20.953149478608367,23.21634676681883,1.5682803010157975,3.7558246158348583
UCID,1338 public citation subset,0.05,clean,0.0,0.0,0.01,0,4,288,-3.0166308573412888,17.96000664361188,20.976637500953167,23.074657826271135,1.3827631855040592,4.399394042845348
UCID,1338 public citation subset,0.05,clean,0.0,0.0,0.01,1,4,288,-4.113217556347529,16.53226719224581,20.645484748593343,23.240267817903682,1.971665132427142,6.0848826887746705
UCID,1338 public citation subset,0.05,clean,0.0,0.0,0.01,2,4,288,-3.154186982886083,17.797194851468447,20.95138183435453,23.222877072055983,1.5682803010157975,4.722467283901881
UCID,1338 public citation subset,0.05,clean,0.0,0.0,0.02,0,4,288,-2.59980636634957,18.372925324307353,20.97273169065692,23.082303317209764,1.3827631855040592,3.9825695518536293
UCID,1338 public citation subset,0.05,clean,0.0,0.0,0.02,1,4,288,-4.052550911629492,16.583418352715796,20.63596926434529,23.24861725244994,1.971665132427142,6.024216044056634
UCID,1338 public citation subset,0.05,clean,0.0,0.0,0.02,2,4,288,-3.161263961214753,17.782612564997706,20.94387652621246,23.22983126028515,1.5682803010157975,4.729544262230551
UCID,1338 public citation subset,0.05,mild,0.25,0.5,0.0,0,4,288,-6.444372543120547,14.53819034213375,20.982562885254296,23.06411630882179,1.3827631855040592,7.827135728624606
UCID,1338 public citation subset,0.05,mild,0.25,0.5,0.0,1,4,288,-8.88182637332066,11.774691585867286,20.656517959187948,23.23053303408501,1.971665132427142,10.853491505747801
UCID,1338 public citation subset,0.05,mild,0.25,0.5,0.0,2,4,288,-7.9702745635009125,12.986490258017005,20.95676482151792,23.21200456270985,1.5682803010157975,9.53855486451671
UCID,1338 public citation subset,0.05,mild,0.25,0.5,0.005,0,4,288,-7.805693941021559,13.174355647022985,20.980049588044544,23.069088733005803,1.3827631855040592,9.188457126525618
UCID,1338 public citation subset,0.05,mild,0.25,0.5,0.005,1,4,288,-7.992418800782017,12.657883019810917,20.650301820592933,23.233736838183383,1.971665132427142,9.96408393320916
UCID,1338 public citation subset,0.05,mild,0.25,0.5,0.005,2,4,288,-8.798257678235736,12.154891800372633,20.953149478608367,23.21634676681883,1.5682803010157975,10.366537979251532
UCID,1338 public citation subset,0.05,mild,0.25,0.5,0.01,0,4,288,-7.675614430124142,13.301023070829025,20.976637500953167,23.074657826271135,1.3827631855040592,9.058377615628201
UCID,1338 public citation subset,0.05,mild,0.25,0.5,0.01,1,4,288,-9.631019120634228,11.014465627959114,20.645484748593343,23.240267817903682,1.971665132427142,11.60268425306137
UCID,1338 public citation subset,0.05,mild,0.25,0.5,0.01,2,4,288,-8.364200032611112,12.58718180174342,20.95138183435453,23.222877072055983,1.5682803010157975,9.93248033362691
UCID,1338 public citation subset,0.05,mild,0.25,0.5,0.02,0,4,288,-8.548625223203981,12.42410646745294,20.97273169065692,23.082303317209764,1.3827631855040592,9.93138840870804
UCID,1338 public citation subset,0.05,mild,0.25,0.5,0.02,1,4,288,-8.277519072261205,12.358450192084085,20.63596926434529,23.24861725244994,1.971665132427142,10.249184204688348
UCID,1338 public citation subset,0.05,mild,0.25,0.5,0.02,2,4,288,-9.210019957663198,11.733856568549264,20.94387652621246,23.22983126028515,1.5682803010157975,10.778300258678994
UCID,1338 public citation subset,0.05,moderate,0.5,1.0,0.0,0,4,288,-10.4445504074558,10.538012477798496,20.982562885254296,23.06411630882179,1.3827631855040592,11.82731359295986
UCID,1338 public citation subset,0.05,moderate,0.5,1.0,0.0,1,4,288,-9.031824411268271,11.624693547919673,20.656517959187948,23.23053303408501,1.971665132427142,11.003489543695412
UCID,1338 public citation subset,0.05,moderate,0.5,1.0,0.0,2,4,288,-9.97082802594043,10.985936795577487,20.95676482151792,23.21200456270985,1.5682803010157975,11.539108326956226
UCID,1338 public citation subset,0.05,moderate,0.5,1.0,0.005,0,4,288,-10.986135452399594,9.99391413564495,20.980049588044544,23.069088733005803,1.3827631855040592,12.368898637903653
UCID,1338 public citation subset,0.05,moderate,0.5,1.0,0.005,1,4,288,-10.646802241707018,10.003499578885915,20.650301820592933,23.233736838183383,1.971665132427142,12.618467374134159
UCID,1338 public citation subset,0.05,moderate,0.5,1.0,0.005,2,4,288,-11.119031235833766,9.834118242774602,20.953149478608367,23.21634676681883,1.5682803010157975,12.687311536849563
UCID,1338 public citation subset,0.05,moderate,0.5,1.0,0.01,0,4,288,-11.284862766625633,9.691774734327534,20.976637500953167,23.074657826271135,1.3827631855040592,12.667625952129692
UCID,1338 public citation subset,0.05,moderate,0.5,1.0,0.01,1,4,288,-11.08553406639941,9.559950682193934,20.645484748593343,23.240267817903682,1.971665132427142,13.057199198826552
UCID,1338 public citation subset,0.05,moderate,0.5,1.0,0.01,2,4,288,-10.124752446001313,10.826629388353219,20.95138183435453,23.222877072055983,1.5682803010157975,11.69303274701711
UCID,1338 public citation subset,0.05,moderate,0.5,1.0,0.02,0,4,288,-9.688230723370376,11.284500967286546,20.97273169065692,23.082303317209764,1.3827631855040592,11.070993908874435
UCID,1338 public citation subset,0.05,moderate,0.5,1.0,0.02,1,4,288,-10.282245214245641,10.353724050099649,20.63596926434529,23.24861725244994,1.971665132427142,12.253910346672782
UCID,1338 public citation subset,0.05,moderate,0.5,1.0,0.02,2,4,288,-10.771417829100422,10.17245869711204,20.94387652621246,23.22983126028515,1.5682803010157975,12.339698130116219
UCID,1338 public citation subset,0.05,severe,1.0,2.0,0.0,0,4,288,-11.527856841901722,9.454706043352576,20.982562885254296,23.06411630882179,1.3827631855040592,12.91062002740578
UCID,1338 public citation subset,0.05,severe,1.0,2.0,0.0,1,4,288,-11.554529021577688,9.101988937610258,20.656517959187948,23.23053303408501,1.971665132427142,13.52619415400483
UCID,1338 public citation subset,0.05,severe,1.0,2.0,0.0,2,4,288,-11.500773527469157,9.455991294048761,20.95676482151792,23.21200456270985,1.5682803010157975,13.069053828484954
UCID,1338 public citation subset,0.05,severe,1.0,2.0,0.005,0,4,288,-11.11743964073397,9.862609947310574,20.980049588044544,23.069088733005803,1.3827631855040592,12.500202826238029
UCID,1338 public citation subset,0.05,severe,1.0,2.0,0.005,1,4,288,-11.891443284865732,8.758858535727203,20.650301820592933,23.233736838183383,1.971665132427142,13.863108417292874
UCID,1338 public citation subset,0.05,severe,1.0,2.0,0.005,2,4,288,-11.660897205749627,9.29225227285874,20.953149478608367,23.21634676681883,1.5682803010157975,13.229177506765424
UCID,1338 public citation subset,0.05,severe,1.0,2.0,0.01,0,4,288,-11.787773748565636,9.188863752387531,20.976637500953167,23.074657826271135,1.3827631855040592,13.170536934069695
UCID,1338 public citation subset,0.05,severe,1.0,2.0,0.01,1,4,288,-10.831369248975152,9.81411549961819,20.645484748593343,23.240267817903682,1.971665132427142,12.803034381402295
UCID,1338 public citation subset,0.05,severe,1.0,2.0,0.01,2,4,288,-12.315728296218301,8.63565353813623,20.95138183435453,23.222877072055983,1.5682803010157975,13.884008597234098
UCID,1338 public citation subset,0.05,severe,1.0,2.0,0.02,0,4,288,-12.02769130990232,8.945040380754602,20.97273169065692,23.082303317209764,1.3827631855040592,13.410454495406379
UCID,1338 public citation subset,0.05,severe,1.0,2.0,0.02,1,4,288,-11.125769864937855,9.510199399407435,20.63596926434529,23.24861725244994,1.971665132427142,13.097434997364996
UCID,1338 public citation subset,0.05,severe,1.0,2.0,0.02,2,4,288,-11.837971912677244,9.105904613535216,20.94387652621246,23.22983126028515,1.5682803010157975,13.40625221369304
UCID,1338 public citation subset,0.1,clean,0.0,0.0,0.0,0,4,288,-6.159076449735396,14.823486435518902,20.982562885254296,23.06411630882179,1.3827631855040592,7.541839635239455
UCID,1338 public citation subset,0.1,clean,0.0,0.0,0.0,1,4,288,-7.650265337188161,13.006252621999785,20.656517959187948,23.23053303408501,1.971665132427142,9.621930469615304
UCID,1338 public citation subset,0.1,clean,0.0,0.0,0.0,2,4,288,-7.4548419188079675,13.50192290270995,20.95676482151792,23.21200456270985,1.5682803010157975,9.023122219823765
UCID,1338 public citation subset,0.1,clean,0.0,0.0,0.005,0,4,288,-5.684627978928918,15.295421609115627,20.980049588044544,23.069088733005803,1.3827631855040592,7.067391164432977
UCID,1338 public citation subset,0.1,clean,0.0,0.0,0.005,1,4,288,-8.418730323339986,12.231571497252949,20.650301820592933,23.233736838183383,1.971665132427142,10.390395455767127
UCID,1338 public citation subset,0.1,clean,0.0,0.0,0.005,2,4,288,-6.53594775266713,14.417201725941238,20.953149478608367,23.21634676681883,1.5682803010157975,8.104228053682927
UCID,1338 public citation subset,0.1,clean,0.0,0.0,0.01,0,4,288,-5.922654472950928,15.053983028002241,20.976637500953167,23.074657826271135,1.3827631855040592,7.305417658454987
UCID,1338 public citation subset,0.1,clean,0.0,0.0,0.01,1,4,288,-7.861358822227913,12.784125926365428,20.645484748593343,23.240267817903682,1.971665132427142,9.833023954655054
UCID,1338 public citation subset,0.1,clean,0.0,0.0,0.01,2,4,288,-6.790429035367032,14.160952798987498,20.95138183435453,23.222877072055983,1.5682803010157975,8.358709336382828
UCID,1338 public citation subset,0.1,clean,0.0,0.0,0.02,0,4,288,-6.041343721421895,14.931387969235026,20.97273169065692,23.082303317209764,1.3827631855040592,7.424106906925954
UCID,1338 public citation subset,0.1,clean,0.0,0.0,0.02,1,4,288,-7.71104664679154,12.924922617553749,20.63596926434529,23.24861725244994,1.971665132427142,9.682711779218682
UCID,1338 public citation subset,0.1,clean,0.0,0.0,0.02,2,4,288,-5.853201347405733,15.090675178806727,20.94387652621246,23.22983126028515,1.5682803010157975,7.421481648421531
UCID,1338 public citation subset,0.1,mild,0.25,0.5,0.0,0,4,288,-8.19290523502525,12.789657650229046,20.982562885254296,23.06411630882179,1.3827631855040592,9.57566842052931
UCID,1338 public citation subset,0.1,mild,0.25,0.5,0.0,1,4,288,-9.415042855524854,11.24147510366309,20.656517959187948,23.23053303408501,1.971665132427142,11.386707987951997
UCID,1338 public citation subset,0.1,mild,0.25,0.5,0.0,2,4,288,-9.028208626476465,11.928556195041452,20.95676482151792,23.21200456270985,1.5682803010157975,10.596488927492262
UCID,1338 public citation subset,0.1,mild,0.25,0.5,0.005,0,4,288,-7.525851794226274,13.454197793818269,20.980049588044544,23.069088733005803,1.3827631855040592,8.908614979730334
UCID,1338 public citation subset,0.1,mild,0.25,0.5,0.005,1,4,288,-9.401084979692596,11.249216840900338,20.650301820592933,23.233736838183383,1.971665132427142,11.37275011211974
UCID,1338 public citation subset,0.1,mild,0.25,0.5,0.005,2,4,288,-8.733459872420271,12.219689606188098,20.953149478608367,23.21634676681883,1.5682803010157975,10.301740173436068
UCID,1338 public citation subset,0.1,mild,0.25,0.5,0.01,0,4,288,-8.084262912700737,12.89237458825243,20.976637500953167,23.074657826271135,1.3827631855040592,9.467026098204796
UCID,1338 public citation subset,0.1,mild,0.25,0.5,0.01,1,4,288,-8.693940174425808,11.951544574167535,20.645484748593343,23.240267817903682,1.971665132427142,10.66560530685295
UCID,1338 public citation subset,0.1,mild,0.25,0.5,0.01,2,4,288,-9.19440153625154,11.756980298102992,20.95138183435453,23.222877072055983,1.5682803010157975,10.762681837267337
UCID,1338 public citation subset,0.1,mild,0.25,0.5,0.02,0,4,288,-8.454388465497235,12.518343225159688,20.97273169065692,23.082303317209764,1.3827631855040592,9.837151651001294
UCID,1338 public citation subset,0.1,mild,0.25,0.5,0.02,1,4,288,-8.987005836840511,11.648963427504778,20.63596926434529,23.24861725244994,1.971665132427142,10.958670969267654
UCID,1338 public citation subset,0.1,mild,0.25,0.5,0.02,2,4,288,-9.194178837734446,11.749697688478015,20.94387652621246,23.22983126028515,1.5682803010157975,10.762459138750243
UCID,1338 public citation subset,0.1,moderate,0.5,1.0,0.0,0,4,288,-10.244822998653772,10.737739886600524,20.982562885254296,23.06411630882179,1.3827631855040592,11.627586184157831
UCID,1338 public citation subset,0.1,moderate,0.5,1.0,0.0,1,4,288,-9.83262978067648,10.823888178511464,20.656517959187948,23.23053303408501,1.971665132427142,11.804294913103622
UCID,1338 public citation subset,0.1,moderate,0.5,1.0,0.0,2,4,288,-10.50527796267151,10.451486858846406,20.95676482151792,23.21200456270985,1.5682803010157975,12.073558263687307
UCID,1338 public citation subset,0.1,moderate,0.5,1.0,0.005,0,4,288,-10.502317701269726,10.477731886774817,20.980049588044544,23.069088733005803,1.3827631855040592,11.885080886773785
UCID,1338 public citation subset,0.1,moderate,0.5,1.0,0.005,1,4,288,-11.135700360461342,9.51460146013159,20.650301820592933,23.233736838183383,1.971665132427142,13.107365492888484
UCID,1338 public citation subset,0.1,moderate,0.5,1.0,0.005,2,4,288,-10.227936397661209,10.725213080947158,20.953149478608367,23.21634676681883,1.5682803010157975,11.796216698677005
UCID,1338 public citation subset,0.1,moderate,0.5,1.0,0.01,0,4,288,-10.97324126326946,10.00339623768371,20.976637500953167,23.074657826271135,1.3827631855040592,12.356004448773518
UCID,1338 public citation subset,0.1,moderate,0.5,1.0,0.01,1,4,288,-10.259415290623904,10.386069457969437,20.645484748593343,23.240267817903682,1.971665132427142,12.231080423051047
UCID,1338 public citation subset,0.1,moderate,0.5,1.0,0.01,2,4,288,-10.350430175232775,10.600951659121755,20.95138183435453,23.222877072055983,1.5682803010157975,11.918710476248572
UCID,1338 public citation subset,0.1,moderate,0.5,1.0,0.02,0,4,288,-11.451513319545398,9.521218371111523,20.97273169065692,23.082303317209764,1.3827631855040592,12.834276505049457
UCID,1338 public citation subset,0.1,moderate,0.5,1.0,0.02,1,4,288,-9.763059579232152,10.872909685113138,20.63596926434529,23.24861725244994,1.971665132427142,11.734724711659293
UCID,1338 public citation subset,0.1,moderate,0.5,1.0,0.02,2,4,288,-10.535368683078122,10.408507843134338,20.94387652621246,23.22983126028515,1.5682803010157975,12.103648984093919
UCID,1338 public citation subset,0.1,severe,1.0,2.0,0.0,0,4,288,-11.454295086790665,9.52826779846363,20.982562885254296,23.06411630882179,1.3827631855040592,12.837058272294724
UCID,1338 public citation subset,0.1,severe,1.0,2.0,0.0,1,4,288,-11.8216460364994,8.834871922688544,20.656517959187948,23.23053303408501,1.971665132427142,13.793311168926543
UCID,1338 public citation subset,0.1,severe,1.0,2.0,0.0,2,4,288,-11.947403781387258,9.009361040130658,20.95676482151792,23.21200456270985,1.5682803010157975,13.515684082403055
UCID,1338 public citation subset,0.1,severe,1.0,2.0,0.005,0,4,288,-11.624117928334643,9.355931659709901,20.980049588044544,23.069088733005803,1.3827631855040592,13.006881113838702
UCID,1338 public citation subset,0.1,severe,1.0,2.0,0.005,1,4,288,-10.262537979772041,10.38776384082089,20.650301820592933,23.233736838183383,1.971665132427142,12.234203112199182
UCID,1338 public citation subset,0.1,severe,1.0,2.0,0.005,2,4,288,-10.607229305212755,10.345920173395612,20.953149478608367,23.21634676681883,1.5682803010157975,12.175509606228552
UCID,1338 public citation subset,0.1,severe,1.0,2.0,0.01,0,4,288,-11.742478051309796,9.234159449643371,20.976637500953167,23.074657826271135,1.3827631855040592,13.125241236813855
UCID,1338 public citation subset,0.1,severe,1.0,2.0,0.01,1,4,288,-11.361478813861531,9.284005934731812,20.645484748593343,23.240267817903682,1.971665132427142,13.333143946288672
UCID,1338 public citation subset,0.1,severe,1.0,2.0,0.01,2,4,288,-11.516987335396117,9.434394498958413,20.95138183435453,23.222877072055983,1.5682803010157975,13.085267636411913
UCID,1338 public citation subset,0.1,severe,1.0,2.0,0.02,0,4,288,-11.138560704757985,9.834170985898938,20.97273169065692,23.082303317209764,1.3827631855040592,12.521323890262044
UCID,1338 public citation subset,0.1,severe,1.0,2.0,0.02,1,4,288,-11.10844095796432,9.52752830638097,20.63596926434529,23.24861725244994,1.971665132427142,13.08010609039146
UCID,1338 public citation subset,0.1,severe,1.0,2.0,0.02,2,4,288,-10.939927415547906,10.003949110664555,20.94387652621246,23.22983126028515,1.5682803010157975,12.508207716563703
UCID,1338 public citation subset,0.2,clean,0.0,0.0,0.0,0,4,288,-9.166875222716383,11.815687662537913,20.982562885254296,23.06411630882179,1.3827631855040592,10.549638408220442
UCID,1338 public citation subset,0.2,clean,0.0,0.0,0.0,1,4,288,-10.255444691760692,10.401073267427254,20.656517959187948,23.23053303408501,1.971665132427142,12.227109824187835
UCID,1338 public citation subset,0.2,clean,0.0,0.0,0.0,2,4,288,-9.61786692432994,11.338897897187977,20.95676482151792,23.21200456270985,1.5682803010157975,11.186147225345737
UCID,1338 public citation subset,0.2,clean,0.0,0.0,0.005,0,4,288,-9.282920288968127,11.697129299076417,20.980049588044544,23.069088733005803,1.3827631855040592,10.665683474472186
UCID,1338 public citation subset,0.2,clean,0.0,0.0,0.005,1,4,288,-10.506891723148076,10.143410097444859,20.650301820592933,23.233736838183383,1.971665132427142,12.478556855575217
UCID,1338 public citation subset,0.2,clean,0.0,0.0,0.005,2,4,288,-9.743670600952592,11.209478877655776,20.953149478608367,23.21634676681883,1.5682803010157975,11.31195090196839
UCID,1338 public citation subset,0.2,clean,0.0,0.0,0.01,0,4,288,-9.242427371031383,11.734210129921784,20.976637500953167,23.074657826271135,1.3827631855040592,10.625190556535442
UCID,1338 public citation subset,0.2,clean,0.0,0.0,0.01,1,4,288,-10.485930497939435,10.159554250653905,20.645484748593343,23.240267817903682,1.971665132427142,12.457595630366576
UCID,1338 public citation subset,0.2,clean,0.0,0.0,0.01,2,4,288,-9.932677162012094,11.018704672342436,20.95138183435453,23.222877072055983,1.5682803010157975,11.500957463027891
UCID,1338 public citation subset,0.2,clean,0.0,0.0,0.02,0,4,288,-8.537760245052148,12.434971445604774,20.97273169065692,23.082303317209764,1.3827631855040592,9.920523430556207
UCID,1338 public citation subset,0.2,clean,0.0,0.0,0.02,1,4,288,-9.774779308792072,10.861189955553218,20.63596926434529,23.24861725244994,1.971665132427142,11.746444441219214
UCID,1338 public citation subset,0.2,clean,0.0,0.0,0.02,2,4,288,-9.743703718268723,11.200172807943737,20.94387652621246,23.22983126028515,1.5682803010157975,11.31198401928452
UCID,1338 public citation subset,0.2,mild,0.25,0.5,0.0,0,4,288,-9.584226774669887,11.39833611058441,20.982562885254296,23.06411630882179,1.3827631855040592,10.966989960173946
UCID,1338 public citation subset,0.2,mild,0.25,0.5,0.0,1,4,288,-10.557962669667452,10.098555289520494,20.656517959187948,23.23053303408501,1.971665132427142,12.529627802094595
UCID,1338 public citation subset,0.2,mild,0.25,0.5,0.0,2,4,288,-10.554475029626532,10.402289791891386,20.95676482151792,23.21200456270985,1.5682803010157975,12.12275533064233
UCID,1338 public citation subset,0.2,mild,0.25,0.5,0.005,0,4,288,-10.326629404402759,10.653420183641785,20.980049588044544,23.069088733005803,1.3827631855040592,11.709392589906818
UCID,1338 public citation subset,0.2,mild,0.25,0.5,0.005,1,4,288,-10.854391073973929,9.795910746619006,20.650301820592933,23.233736838183383,1.971665132427142,12.82605620640107
UCID,1338 public citation subset,0.2,mild,0.25,0.5,0.005,2,4,288,-10.246383392966026,10.706766085642341,20.953149478608367,23.21634676681883,1.5682803010157975,11.814663693981823
UCID,1338 public citation subset,0.2,mild,0.25,0.5,0.01,0,4,288,-9.876815878350293,11.099821622602875,20.976637500953167,23.074657826271135,1.3827631855040592,11.259579063854352
UCID,1338 public citation subset,0.2,mild,0.25,0.5,0.01,1,4,288,-10.949632863816397,9.695851884776944,20.645484748593343,23.240267817903682,1.971665132427142,12.921297996243538
UCID,1338 public citation subset,0.2,mild,0.25,0.5,0.01,2,4,288,-10.763322405480377,10.188059428874153,20.95138183435453,23.222877072055983,1.5682803010157975,12.331602706496174
UCID,1338 public citation subset,0.2,mild,0.25,0.5,0.02,0,4,288,-10.092445342617307,10.880286348039615,20.97273169065692,23.082303317209764,1.3827631855040592,11.475208528121366
UCID,1338 public citation subset,0.2,mild,0.25,0.5,0.02,1,4,288,-10.733069118536173,9.902900145809117,20.63596926434529,23.24861725244994,1.971665132427142,12.704734250963316
UCID,1338 public citation subset,0.2,mild,0.25,0.5,0.02,2,4,288,-10.15733398863663,10.786542537575832,20.94387652621246,23.22983126028515,1.5682803010157975,11.725614289652427
UCID,1338 public citation subset,0.2,moderate,0.5,1.0,0.0,0,4,288,-10.4839839621236,10.498578923130697,20.982562885254296,23.06411630882179,1.3827631855040592,11.86674714762766
UCID,1338 public citation subset,0.2,moderate,0.5,1.0,0.0,1,4,288,-10.766609824490189,9.889908134697755,20.656517959187948,23.23053303408501,1.971665132427142,12.73827495691733
UCID,1338 public citation subset,0.2,moderate,0.5,1.0,0.0,2,4,288,-10.47444199631698,10.482322825200937,20.95676482151792,23.21200456270985,1.5682803010157975,12.042722297332777
UCID,1338 public citation subset,0.2,moderate,0.5,1.0,0.005,0,4,288,-10.581751223600673,10.398298364443871,20.980049588044544,23.069088733005803,1.3827631855040592,11.964514409104732
UCID,1338 public citation subset,0.2,moderate,0.5,1.0,0.005,1,4,288,-11.392361255759008,9.257940564833925,20.650301820592933,23.233736838183383,1.971665132427142,13.36402638818615
UCID,1338 public citation subset,0.2,moderate,0.5,1.0,0.005,2,4,288,-10.486351351864146,10.466798126744223,20.953149478608367,23.21634676681883,1.5682803010157975,12.054631652879943
UCID,1338 public citation subset,0.2,moderate,0.5,1.0,0.01,0,4,288,-10.652857459845755,10.323780041107414,20.976637500953167,23.074657826271135,1.3827631855040592,12.035620645349814
UCID,1338 public citation subset,0.2,moderate,0.5,1.0,0.01,1,4,288,-11.13988899934964,9.505595749243703,20.645484748593343,23.240267817903682,1.971665132427142,13.111554131776781
UCID,1338 public citation subset,0.2,moderate,0.5,1.0,0.01,2,4,288,-11.136325459360137,9.815056374994393,20.95138183435453,23.222877072055983,1.5682803010157975,12.704605760375934
UCID,1338 public citation subset,0.2,moderate,0.5,1.0,0.02,0,4,288,-10.565338854647926,10.407392836008997,20.97273169065692,23.082303317209764,1.3827631855040592,11.948102040151985
UCID,1338 public citation subset,0.2,moderate,0.5,1.0,0.02,1,4,288,-10.979144715013435,9.656824549331853,20.63596926434529,23.24861725244994,1.971665132427142,12.950809847440578
UCID,1338 public citation subset,0.2,moderate,0.5,1.0,0.02,2,4,288,-11.366557401263048,9.577319124949412,20.94387652621246,23.22983126028515,1.5682803010157975,12.934837702278845
UCID,1338 public citation subset,0.2,severe,1.0,2.0,0.0,0,4,288,-11.715193478061604,9.267369407192692,20.982562885254296,23.06411630882179,1.3827631855040592,13.097956663565663
UCID,1338 public citation subset,0.2,severe,1.0,2.0,0.0,1,4,288,-11.726180334914247,8.930337624273697,20.656517959187948,23.23053303408501,1.971665132427142,13.697845467341388
UCID,1338 public citation subset,0.2,severe,1.0,2.0,0.0,2,4,288,-11.602116480876763,9.354648340641155,20.95676482151792,23.21200456270985,1.5682803010157975,13.17039678189256
UCID,1338 public citation subset,0.2,severe,1.0,2.0,0.005,0,4,288,-11.516649591305889,9.463399996738653,20.980049588044544,23.069088733005803,1.3827631855040592,12.899412776809948
UCID,1338 public citation subset,0.2,severe,1.0,2.0,0.005,1,4,288,-11.739284791606046,8.911017028986887,20.650301820592933,23.233736838183383,1.971665132427142,13.710949924033187
UCID,1338 public citation subset,0.2,severe,1.0,2.0,0.005,2,4,288,-11.79150942193002,9.161640056678348,20.953149478608367,23.21634676681883,1.5682803010157975,13.359789722945816
UCID,1338 public citation subset,0.2,severe,1.0,2.0,0.01,0,4,288,-12.071172831705313,8.905464669247856,20.976637500953167,23.074657826271135,1.3827631855040592,13.453936017209372
UCID,1338 public citation subset,0.2,severe,1.0,2.0,0.01,1,4,288,-11.901853307942877,8.743631440650466,20.645484748593343,23.240267817903682,1.971665132427142,13.87351844037002
UCID,1338 public citation subset,0.2,severe,1.0,2.0,0.01,2,4,288,-11.097387152088062,9.853994682266467,20.95138183435453,23.222877072055983,1.5682803010157975,12.66566745310386
UCID,1338 public citation subset,0.2,severe,1.0,2.0,0.02,0,4,288,-11.958668581132267,9.014063109524654,20.97273169065692,23.082303317209764,1.3827631855040592,13.341431766636326
UCID,1338 public citation subset,0.2,severe,1.0,2.0,0.02,1,4,288,-11.535340756975076,9.100628507370212,20.63596926434529,23.24861725244994,1.971665132427142,13.507005889402219
UCID,1338 public citation subset,0.2,severe,1.0,2.0,0.02,2,4,288,-11.28232756679689,9.661548959415569,20.94387652621246,23.22983126028515,1.5682803010157975,12.850607867812688
