config_id,repeat_seed,num_layers,reference_weight,phase_mix,input_phase_coupling,wrongref_mode,ordinary_ood_mean_psnr_db,common_ood_mean_psnr_db,noncommon_ood_mean_psnr_db,wrongref_ood_mean_psnr_db,common_minus_ordinary_db,common_minus_noncommon_db,common_minus_wrongref_db,risk_pair_q10_db_repeat,risk_pair_min_db_repeat,risk_pair_positive_fraction_repeat
1,0,1,0.14,0.16,0.9,anti_phase_plus_decoy,12.123803,12.466211,12.385127,12.374601,0.342408,0.081084,0.09161,-0.131391,-0.154406,0.5
1,1,1,0.14,0.16,0.9,anti_phase_plus_decoy,12.013044,12.432137,12.463798,12.487033,0.419094,-0.031661,-0.054896,-0.149178,-0.158588,0.0
1,2,1,0.14,0.16,0.9,anti_phase_plus_decoy,12.218804,12.537695,12.527512,12.231438,0.318892,0.010184,0.306258,0.009809,0.005768,1.0
1,3,1,0.14,0.16,0.9,anti_phase_plus_decoy,11.931051,12.587989,12.421068,12.635099,0.656938,0.166921,-0.047109,-0.269655,-0.312027,0.5
1,4,1,0.14,0.16,0.9,anti_phase_plus_decoy,12.113385,12.374818,12.521802,12.231914,0.261433,-0.146984,0.142904,-0.134936,-0.164616,0.5
1,5,1,0.14,0.16,0.9,anti_phase_plus_decoy,12.07395,12.557301,12.388224,12.599771,0.483351,0.169077,-0.04247,-0.137078,-0.150543,0.0
1,6,1,0.14,0.16,0.9,anti_phase_plus_decoy,12.157451,12.500281,12.332423,12.291283,0.34283,0.167858,0.208998,0.09895,0.097293,1.0
1,7,1,0.14,0.16,0.9,anti_phase_plus_decoy,12.026256,12.638262,12.707694,12.639865,0.612006,-0.069432,-0.001603,-0.149579,-0.167499,0.5
2,0,1,0.14,0.16,1.0,anti_phase_plus_decoy,11.98171,12.447772,12.570334,12.404354,0.466062,-0.122561,0.043418,0.021147,0.007964,1.0
2,1,1,0.14,0.16,1.0,anti_phase_plus_decoy,12.108274,12.716523,12.457336,12.488319,0.60825,0.259187,0.228204,0.229244,0.174303,1.0
2,2,1,0.14,0.16,1.0,anti_phase_plus_decoy,11.952945,12.507713,12.29396,12.458817,0.554769,0.213754,0.048897,-0.161461,-0.210059,0.5
2,3,1,0.14,0.16,1.0,anti_phase_plus_decoy,11.873484,12.371189,12.558961,12.677512,0.497705,-0.187772,-0.306323,-0.728263,-0.805313,0.0
2,4,1,0.14,0.16,1.0,anti_phase_plus_decoy,12.02297,12.534202,12.643783,12.420338,0.511232,-0.109581,0.113863,-0.19718,-0.230634,0.5
2,5,1,0.14,0.16,1.0,anti_phase_plus_decoy,12.031314,12.486919,12.396014,12.385894,0.455605,0.090904,0.101025,-0.02319,-0.063934,0.5
2,6,1,0.14,0.16,1.0,anti_phase_plus_decoy,12.018618,12.532897,12.541001,12.556099,0.514279,-0.008104,-0.023202,-0.219003,-0.240862,0.0
2,7,1,0.14,0.16,1.0,anti_phase_plus_decoy,12.040832,12.661589,12.549231,12.534998,0.620757,0.112357,0.126591,-0.111089,-0.176819,0.5
3,0,1,0.14,0.16,1.1,anti_phase_plus_decoy,12.167967,12.516757,12.535052,12.507998,0.34879,-0.018295,0.008759,-0.034186,-0.046779,0.5
3,1,1,0.14,0.16,1.1,anti_phase_plus_decoy,12.012925,12.551071,12.563582,12.291386,0.538146,-0.012511,0.259685,0.123058,0.0605,1.0
3,2,1,0.14,0.16,1.1,anti_phase_plus_decoy,12.011118,12.447318,12.514845,12.48773,0.4362,-0.067527,-0.040412,-0.050152,-0.053454,0.0
3,3,1,0.14,0.16,1.1,anti_phase_plus_decoy,12.007605,12.693444,12.619281,12.698024,0.685839,0.074163,-0.004581,-0.173286,-0.204553,0.5
3,4,1,0.14,0.16,1.1,anti_phase_plus_decoy,11.9722,12.578393,12.516331,12.770041,0.606193,0.062062,-0.191648,-0.293269,-0.338365,0.5
3,5,1,0.14,0.16,1.1,anti_phase_plus_decoy,12.058735,12.496689,12.260864,12.570774,0.437955,0.235826,-0.074085,0.015904,0.006817,1.0
3,6,1,0.14,0.16,1.1,anti_phase_plus_decoy,12.206963,12.469571,12.53807,12.384412,0.262608,-0.068499,0.08516,-0.185742,-0.227842,0.5
3,7,1,0.14,0.16,1.1,anti_phase_plus_decoy,12.102437,12.543309,12.535629,12.489157,0.440872,0.00768,0.054152,-0.057148,-0.065348,0.5
4,0,1,0.16,0.16,0.9,anti_phase_plus_decoy,12.041039,12.603844,12.431405,12.560111,0.562806,0.172439,0.043733,0.093002,0.079054,1.0
4,1,1,0.16,0.16,0.9,anti_phase_plus_decoy,12.044383,12.473558,12.564811,12.652693,0.429174,-0.091253,-0.179135,-0.15276,-0.158211,0.0
4,2,1,0.16,0.16,0.9,anti_phase_plus_decoy,12.041778,12.552233,12.392131,12.465148,0.510455,0.160102,0.087084,-0.007348,-0.022177,0.5
4,3,1,0.16,0.16,0.9,anti_phase_plus_decoy,12.008186,12.530833,12.699139,12.502981,0.522647,-0.168306,0.027852,-0.012102,-0.030678,0.5
4,4,1,0.16,0.16,0.9,anti_phase_plus_decoy,12.031983,12.721867,12.510226,12.494487,0.689884,0.211641,0.22738,0.093996,0.062078,1.0
4,5,1,0.16,0.16,0.9,anti_phase_plus_decoy,12.059676,12.688309,12.537381,12.332749,0.628633,0.150928,0.355561,-0.045993,-0.052104,0.5
4,6,1,0.16,0.16,0.9,anti_phase_plus_decoy,12.089469,12.43529,12.225604,12.361044,0.345821,0.209687,0.074246,0.090452,0.083846,1.0
4,7,1,0.16,0.16,0.9,anti_phase_plus_decoy,12.166278,12.33063,12.381213,12.580173,0.164352,-0.050583,-0.249543,-0.156688,-0.164229,0.0
5,0,1,0.16,0.16,1.0,anti_phase_plus_decoy,12.078743,12.415047,12.540173,12.744385,0.336304,-0.125125,-0.329338,-0.337005,-0.358382,0.0
5,1,1,0.16,0.16,1.0,anti_phase_plus_decoy,12.06811,12.527153,12.478977,12.554161,0.459044,0.048177,-0.027008,-0.230746,-0.249648,0.0
5,2,1,0.16,0.16,1.0,anti_phase_plus_decoy,11.97911,12.475771,12.51601,12.542253,0.496662,-0.040239,-0.066481,-0.159362,-0.161596,0.0
5,3,1,0.16,0.16,1.0,anti_phase_plus_decoy,12.203476,12.452426,12.55309,12.376414,0.24895,-0.100665,0.076012,-0.059457,-0.063809,0.0
5,4,1,0.16,0.16,1.0,anti_phase_plus_decoy,12.033087,12.704883,12.423115,12.590484,0.671796,0.281767,0.114399,-0.04234,-0.045407,0.0
5,5,1,0.16,0.16,1.0,anti_phase_plus_decoy,11.996625,12.508073,12.560429,12.369245,0.511448,-0.052356,0.138828,-0.068073,-0.088958,0.5
5,6,1,0.16,0.16,1.0,anti_phase_plus_decoy,12.115721,12.450834,12.384405,12.566666,0.335113,0.06643,-0.115831,-0.03835,-0.068698,0.5
5,7,1,0.16,0.16,1.0,anti_phase_plus_decoy,12.001954,12.616642,12.280477,12.526284,0.614688,0.336165,0.090358,-0.196344,-0.228573,0.5
6,0,1,0.16,0.16,1.1,anti_phase_plus_decoy,12.066893,12.393633,12.36786,12.622096,0.32674,0.025773,-0.228463,-0.481951,-0.532741,0.0
6,1,1,0.16,0.16,1.1,anti_phase_plus_decoy,12.175085,12.229569,12.551792,12.460649,0.054484,-0.322223,-0.23108,-0.358853,-0.36458,0.0
6,2,1,0.16,0.16,1.1,anti_phase_plus_decoy,12.073322,12.550868,12.516764,12.54966,0.477545,0.034104,0.001208,-0.03248,-0.04926,0.5
6,3,1,0.16,0.16,1.1,anti_phase_plus_decoy,12.067038,12.550188,12.283603,12.481187,0.48315,0.266585,0.069001,-0.164624,-0.195617,0.5
6,4,1,0.16,0.16,1.1,anti_phase_plus_decoy,12.105949,12.495685,12.441882,12.539016,0.389736,0.053803,-0.04333,0.073511,0.072455,1.0
6,5,1,0.16,0.16,1.1,anti_phase_plus_decoy,11.958845,12.348935,12.420583,12.559506,0.39009,-0.071648,-0.210571,-0.281472,-0.295134,0.0
6,6,1,0.16,0.16,1.1,anti_phase_plus_decoy,12.193396,12.450861,12.448048,12.509713,0.257465,0.002813,-0.058852,-0.123005,-0.157556,0.5
6,7,1,0.16,0.16,1.1,anti_phase_plus_decoy,12.233473,12.646496,12.529065,12.512004,0.413023,0.117431,0.134492,-0.064397,-0.09977,0.5
7,0,1,0.18,0.16,0.9,anti_phase_plus_decoy,12.194351,12.453209,12.18747,12.597019,0.258858,0.265739,-0.143811,-0.134042,-0.164462,0.5
7,1,1,0.18,0.16,0.9,anti_phase_plus_decoy,11.806979,12.415868,12.515164,12.588574,0.608889,-0.099296,-0.172706,-0.332191,-0.349238,0.0
7,2,1,0.18,0.16,0.9,anti_phase_plus_decoy,12.048434,12.37813,12.425986,12.597081,0.329696,-0.047857,-0.218951,0.020297,0.018339,1.0
7,3,1,0.18,0.16,0.9,anti_phase_plus_decoy,12.074466,12.610085,12.390596,12.684726,0.535619,0.219489,-0.074642,-0.179859,-0.200267,0.5
7,4,1,0.18,0.16,0.9,anti_phase_plus_decoy,12.127452,12.506982,12.500472,12.503384,0.37953,0.006511,0.003598,0.076654,0.05885,1.0
7,5,1,0.18,0.16,0.9,anti_phase_plus_decoy,12.179872,12.615088,12.106247,12.456308,0.435216,0.508841,0.158781,-0.127398,-0.144692,0.5
7,6,1,0.18,0.16,0.9,anti_phase_plus_decoy,12.049005,12.389739,12.551678,12.472509,0.340734,-0.161939,-0.08277,-0.045024,-0.064867,0.5
7,7,1,0.18,0.16,0.9,anti_phase_plus_decoy,12.237697,12.497808,12.706594,12.602242,0.260111,-0.208787,-0.104435,-0.283006,-0.286378,0.0
8,0,1,0.18,0.16,1.0,anti_phase_plus_decoy,11.984904,12.520438,12.340326,12.403009,0.535534,0.180112,0.117429,-0.228374,-0.258705,0.5
8,1,1,0.18,0.16,1.0,anti_phase_plus_decoy,12.002403,12.319515,12.453176,12.528016,0.317112,-0.133661,-0.208501,-0.263098,-0.269288,0.0
8,2,1,0.18,0.16,1.0,anti_phase_plus_decoy,12.105401,12.334134,12.363516,12.370702,0.228732,-0.029382,-0.036569,-0.25179,-0.28,0.5
8,3,1,0.18,0.16,1.0,anti_phase_plus_decoy,11.975603,12.585494,12.564326,12.246911,0.609891,0.021168,0.338583,0.037301,0.025042,1.0
8,4,1,0.18,0.16,1.0,anti_phase_plus_decoy,12.182305,12.498467,12.412388,12.40285,0.316163,0.086079,0.095618,0.123647,0.122504,1.0
8,5,1,0.18,0.16,1.0,anti_phase_plus_decoy,12.039598,12.504032,12.559168,12.479426,0.464434,-0.055136,0.024606,0.000212,-0.00038,0.5
8,6,1,0.18,0.16,1.0,anti_phase_plus_decoy,11.972479,12.593842,12.376347,12.558621,0.621363,0.217495,0.035221,-0.268709,-0.332873,0.5
8,7,1,0.18,0.16,1.0,anti_phase_plus_decoy,12.222264,12.287382,12.497251,12.488223,0.065119,-0.209868,-0.20084,-0.112731,-0.120536,0.0
9,0,1,0.18,0.16,1.1,anti_phase_plus_decoy,12.025397,12.50351,12.36624,12.639106,0.478113,0.13727,-0.135596,-0.133077,-0.158414,0.5
9,1,1,0.18,0.16,1.1,anti_phase_plus_decoy,12.02997,12.62628,12.62926,12.39794,0.59631,-0.00298,0.228341,-0.303279,-0.341595,0.5
9,2,1,0.18,0.16,1.1,anti_phase_plus_decoy,11.986994,12.524733,12.63858,12.742063,0.537739,-0.113847,-0.21733,-0.256446,-0.280671,0.0
9,3,1,0.18,0.16,1.1,anti_phase_plus_decoy,12.251783,12.629146,12.338252,12.691391,0.377364,0.290894,-0.062245,-0.221018,-0.244892,0.0
9,4,1,0.18,0.16,1.1,anti_phase_plus_decoy,12.002981,12.354763,12.640541,12.607964,0.351782,-0.285778,-0.253201,-0.309353,-0.322229,0.0
9,5,1,0.18,0.16,1.1,anti_phase_plus_decoy,12.226087,12.384669,12.28096,12.449773,0.158582,0.103709,-0.065104,-0.105128,-0.142223,0.5
9,6,1,0.18,0.16,1.1,anti_phase_plus_decoy,12.07878,12.431713,12.487185,12.466131,0.352933,-0.055472,-0.034418,0.063394,0.054372,1.0
9,7,1,0.18,0.16,1.1,anti_phase_plus_decoy,12.117577,12.636531,12.367468,12.465165,0.518954,0.269063,0.171366,0.073175,0.06133,1.0
10,0,1,0.2,0.16,0.9,anti_phase_plus_decoy,12.059138,12.412095,12.373004,12.231531,0.352957,0.03909,0.180563,-0.079013,-0.093526,0.5
10,1,1,0.2,0.16,0.9,anti_phase_plus_decoy,11.912998,12.389838,12.308339,12.451773,0.47684,0.081499,-0.061935,-0.417356,-0.460344,0.0
10,2,1,0.2,0.16,0.9,anti_phase_plus_decoy,11.984128,12.301867,12.515229,12.583882,0.31774,-0.213361,-0.282014,-0.073171,-0.08228,0.5
10,3,1,0.2,0.16,0.9,anti_phase_plus_decoy,12.144816,12.445325,12.392583,12.327882,0.300508,0.052741,0.117443,-0.007678,-0.016781,0.5
10,4,1,0.2,0.16,0.9,anti_phase_plus_decoy,11.988106,12.648248,12.354555,12.353939,0.660141,0.293692,0.294309,0.127185,0.084488,1.0
10,5,1,0.2,0.16,0.9,anti_phase_plus_decoy,12.010131,12.332945,12.392924,12.371403,0.322815,-0.059978,-0.038457,-0.187195,-0.211227,0.5
10,6,1,0.2,0.16,0.9,anti_phase_plus_decoy,12.024618,12.312539,12.427538,12.442058,0.287921,-0.114999,-0.129519,-0.105281,-0.134784,0.5
10,7,1,0.2,0.16,0.9,anti_phase_plus_decoy,11.946991,12.563471,12.31753,12.253652,0.61648,0.245941,0.309819,0.121353,0.116242,1.0
11,0,1,0.2,0.16,1.0,anti_phase_plus_decoy,12.137974,12.604917,12.567205,12.456251,0.466943,0.037713,0.148666,-0.081876,-0.121297,0.5
11,1,1,0.2,0.16,1.0,anti_phase_plus_decoy,12.001939,12.500637,12.342528,12.441943,0.498698,0.158108,0.058694,-0.031365,-0.070364,0.5
11,2,1,0.2,0.16,1.0,anti_phase_plus_decoy,12.106356,12.649981,12.46953,12.539661,0.543625,0.18045,0.11032,0.038545,0.022893,1.0
11,3,1,0.2,0.16,1.0,anti_phase_plus_decoy,12.309544,12.524309,12.482614,12.539446,0.214765,0.041695,-0.015137,-0.036605,-0.040286,0.0
11,4,1,0.2,0.16,1.0,anti_phase_plus_decoy,11.991338,12.487196,12.314669,12.462927,0.495858,0.172527,0.024269,-0.031117,-0.041447,0.5
11,5,1,0.2,0.16,1.0,anti_phase_plus_decoy,11.876731,12.298241,12.369268,12.631824,0.42151,-0.071027,-0.333583,-0.273266,-0.304231,0.5
11,6,1,0.2,0.16,1.0,anti_phase_plus_decoy,12.003676,12.38582,12.455187,12.298833,0.382144,-0.069367,0.086987,0.006557,-0.004365,0.5
11,7,1,0.2,0.16,1.0,anti_phase_plus_decoy,12.1739,12.346718,12.304754,12.425341,0.172818,0.041964,-0.078623,-0.158942,-0.183148,0.5
12,0,1,0.2,0.16,1.1,anti_phase_plus_decoy,12.047821,12.267023,12.487817,12.434981,0.219202,-0.220794,-0.167958,-0.290635,-0.327273,0.5
12,1,1,0.2,0.16,1.1,anti_phase_plus_decoy,12.148849,12.530698,12.20381,12.573072,0.381848,0.326887,-0.042375,-0.115076,-0.118548,0.0
12,2,1,0.2,0.16,1.1,anti_phase_plus_decoy,12.185819,12.647078,12.470817,12.483651,0.46126,0.176261,0.163427,-0.151876,-0.152092,0.0
12,3,1,0.2,0.16,1.1,anti_phase_plus_decoy,12.214815,12.478978,12.422605,12.602791,0.264163,0.056373,-0.123813,-0.201112,-0.225453,0.5
12,4,1,0.2,0.16,1.1,anti_phase_plus_decoy,11.988153,12.434517,12.320927,12.50476,0.446364,0.11359,-0.070243,-0.168168,-0.194625,0.5
12,5,1,0.2,0.16,1.1,anti_phase_plus_decoy,12.070156,12.508105,12.471596,12.491296,0.43795,0.03651,0.016809,-0.170508,-0.180459,0.0
12,6,1,0.2,0.16,1.1,anti_phase_plus_decoy,11.978986,12.413282,12.493805,12.48858,0.434296,-0.080523,-0.075298,-0.089421,-0.12028,0.5
12,7,1,0.2,0.16,1.1,anti_phase_plus_decoy,11.953912,12.472407,12.447617,12.476211,0.518495,0.024789,-0.003804,-0.19353,-0.210532,0.0
13,0,1,0.14,0.17,0.9,anti_phase_plus_decoy,11.962808,12.627869,12.569974,12.547345,0.665061,0.057894,0.080524,-0.125367,-0.128394,0.0
13,1,1,0.14,0.17,0.9,anti_phase_plus_decoy,12.023595,12.504815,12.447142,12.419241,0.48122,0.057673,0.085574,-0.167256,-0.208138,0.5
13,2,1,0.14,0.17,0.9,anti_phase_plus_decoy,12.004033,12.530987,12.573786,12.556541,0.526954,-0.042798,-0.025554,0.003786,-0.005831,0.5
13,3,1,0.14,0.17,0.9,anti_phase_plus_decoy,12.056147,12.491689,12.514981,12.526595,0.435543,-0.023292,-0.034906,0.048111,0.033808,1.0
13,4,1,0.14,0.17,0.9,anti_phase_plus_decoy,12.061212,12.525761,12.534439,12.34779,0.464548,-0.008678,0.17797,-0.108584,-0.121951,0.5
13,5,1,0.14,0.17,0.9,anti_phase_plus_decoy,12.110268,12.380665,12.679042,12.529673,0.270397,-0.298377,-0.149008,-0.291636,-0.292703,0.0
13,6,1,0.14,0.17,0.9,anti_phase_plus_decoy,12.177605,12.414958,12.261465,12.350485,0.237353,0.153493,0.064473,-0.162461,-0.165902,0.0
13,7,1,0.14,0.17,0.9,anti_phase_plus_decoy,12.033562,12.545449,12.318776,12.371195,0.511887,0.226673,0.174253,0.008291,0.001825,1.0
14,0,1,0.14,0.17,1.0,anti_phase_plus_decoy,12.158371,12.597066,12.537139,12.433207,0.438694,0.059927,0.163858,-0.328245,-0.362725,0.0
14,1,1,0.14,0.17,1.0,anti_phase_plus_decoy,12.208635,12.657062,12.288413,12.458224,0.448427,0.368649,0.198838,-0.126228,-0.146675,0.5
14,2,1,0.14,0.17,1.0,anti_phase_plus_decoy,11.94043,12.433751,12.62864,12.359649,0.49332,-0.194889,0.074102,-0.173361,-0.191157,0.0
14,3,1,0.14,0.17,1.0,anti_phase_plus_decoy,12.146051,12.277238,12.378531,12.617131,0.131186,-0.101293,-0.339893,-0.120558,-0.135835,0.5
14,4,1,0.14,0.17,1.0,anti_phase_plus_decoy,12.251801,12.371748,12.728631,12.418766,0.119948,-0.356882,-0.047018,-0.181141,-0.208301,0.5
14,5,1,0.14,0.17,1.0,anti_phase_plus_decoy,12.150371,12.468245,12.705114,12.477872,0.317874,-0.236869,-0.009627,0.058305,0.046777,1.0
14,6,1,0.14,0.17,1.0,anti_phase_plus_decoy,11.910642,12.466803,12.490153,12.410305,0.556161,-0.023349,0.056498,-0.102784,-0.131211,0.5
14,7,1,0.14,0.17,1.0,anti_phase_plus_decoy,12.16535,12.466228,12.569341,12.513838,0.300878,-0.103113,-0.04761,-0.072249,-0.084777,0.5
15,0,1,0.14,0.17,1.1,anti_phase_plus_decoy,12.262574,12.525264,12.631541,12.458339,0.26269,-0.106277,0.066925,-0.169172,-0.181869,0.0
15,1,1,0.14,0.17,1.1,anti_phase_plus_decoy,11.814222,12.357555,12.634671,12.682343,0.543333,-0.277116,-0.324788,-0.218685,-0.238824,0.0
15,2,1,0.14,0.17,1.1,anti_phase_plus_decoy,12.23677,12.425522,12.645038,12.428321,0.188752,-0.219516,-0.002799,0.001403,-0.006241,0.5
15,3,1,0.14,0.17,1.1,anti_phase_plus_decoy,12.054055,12.43421,12.395673,12.23587,0.380156,0.038537,0.198341,0.021828,0.009515,1.0
15,4,1,0.14,0.17,1.1,anti_phase_plus_decoy,11.991258,12.542339,12.406452,12.644351,0.551081,0.135887,-0.102012,0.077566,0.063238,1.0
15,5,1,0.14,0.17,1.1,anti_phase_plus_decoy,12.155399,12.545232,12.314124,12.470027,0.389833,0.231109,0.075205,-0.182334,-0.188161,0.0
15,6,1,0.14,0.17,1.1,anti_phase_plus_decoy,12.030102,12.4332,12.509929,12.548038,0.403098,-0.076729,-0.114838,-0.230719,-0.250723,0.0
15,7,1,0.14,0.17,1.1,anti_phase_plus_decoy,11.974377,12.619539,12.484017,12.708903,0.645162,0.135523,-0.089363,-0.248778,-0.290339,0.5
16,0,1,0.16,0.17,0.9,anti_phase_plus_decoy,11.995376,12.38615,12.456562,12.418525,0.390774,-0.070412,-0.032375,-0.235994,-0.266851,0.5
16,1,1,0.16,0.17,0.9,anti_phase_plus_decoy,12.026683,12.573263,12.428116,12.576275,0.54658,0.145148,-0.003012,0.013583,-0.003222,0.5
16,2,1,0.16,0.17,0.9,anti_phase_plus_decoy,12.018054,12.486778,12.536716,12.375214,0.468724,-0.049938,0.111564,-0.008571,-0.037745,0.5
16,3,1,0.16,0.17,0.9,anti_phase_plus_decoy,12.037011,12.530979,12.538336,12.676557,0.493968,-0.007357,-0.145579,-0.356875,-0.391895,0.0
16,4,1,0.16,0.17,0.9,anti_phase_plus_decoy,11.936996,12.613391,12.578305,12.449281,0.676395,0.035086,0.164111,-0.282138,-0.324431,0.5
16,5,1,0.16,0.17,0.9,anti_phase_plus_decoy,11.905544,12.447283,12.444728,12.542488,0.541738,0.002555,-0.095205,-0.113687,-0.134418,0.5
16,6,1,0.16,0.17,0.9,anti_phase_plus_decoy,12.059014,12.349386,12.457903,12.405552,0.290372,-0.108517,-0.056166,-0.294334,-0.296101,0.0
16,7,1,0.16,0.17,0.9,anti_phase_plus_decoy,11.975352,12.377976,12.261744,12.377586,0.402624,0.116232,0.00039,-0.077323,-0.080266,0.0
17,0,1,0.16,0.17,1.0,anti_phase_plus_decoy,12.045039,12.582839,12.485752,12.540341,0.537799,0.097086,0.042497,-0.211091,-0.217306,0.0
17,1,1,0.16,0.17,1.0,anti_phase_plus_decoy,11.965136,12.531669,12.725774,12.557895,0.566533,-0.194106,-0.026227,-0.156641,-0.173466,0.0
17,2,1,0.16,0.17,1.0,anti_phase_plus_decoy,12.132388,12.430629,12.571079,12.466688,0.298241,-0.14045,-0.036058,-0.136257,-0.171519,0.5
17,3,1,0.16,0.17,1.0,anti_phase_plus_decoy,12.024498,12.391597,12.424999,12.316635,0.3671,-0.033402,0.074963,0.032909,0.020078,1.0
17,4,1,0.16,0.17,1.0,anti_phase_plus_decoy,12.148061,12.601664,12.282398,12.403146,0.453603,0.319266,0.198518,-0.200347,-0.217052,0.0
17,5,1,0.16,0.17,1.0,anti_phase_plus_decoy,12.095412,12.636226,12.529969,12.435328,0.540814,0.106257,0.200898,-0.086653,-0.135322,0.5
17,6,1,0.16,0.17,1.0,anti_phase_plus_decoy,12.031957,12.572283,12.589971,12.408169,0.540325,-0.017688,0.164113,-0.117663,-0.121473,0.0
17,7,1,0.16,0.17,1.0,anti_phase_plus_decoy,12.249273,12.455534,12.606728,12.458009,0.206261,-0.151193,-0.002475,-0.13834,-0.144729,0.0
18,0,1,0.16,0.17,1.1,anti_phase_plus_decoy,12.116737,12.686948,12.58502,12.643518,0.570211,0.101928,0.04343,0.056583,0.036921,1.0
18,1,1,0.16,0.17,1.1,anti_phase_plus_decoy,12.195859,12.323138,12.570405,12.513266,0.127279,-0.247267,-0.190128,-0.108088,-0.111225,0.0
18,2,1,0.16,0.17,1.1,anti_phase_plus_decoy,12.141325,12.226488,12.428885,12.531606,0.085163,-0.202396,-0.305118,-0.538414,-0.569887,0.0
18,3,1,0.16,0.17,1.1,anti_phase_plus_decoy,12.17114,12.489478,12.621392,12.559158,0.318339,-0.131914,-0.069679,-0.068341,-0.081267,0.5
18,4,1,0.16,0.17,1.1,anti_phase_plus_decoy,12.179242,12.366471,12.767957,12.335517,0.187229,-0.401486,0.030954,-0.144536,-0.16087,0.5
18,5,1,0.16,0.17,1.1,anti_phase_plus_decoy,11.924872,12.478409,12.245644,12.395044,0.553537,0.232765,0.083365,0.008357,0.005592,1.0
18,6,1,0.16,0.17,1.1,anti_phase_plus_decoy,12.10118,12.465571,12.329832,12.332392,0.36439,0.135739,0.133178,0.058183,0.042732,1.0
18,7,1,0.16,0.17,1.1,anti_phase_plus_decoy,11.924987,12.511082,12.370638,12.503255,0.586095,0.140444,0.007827,-0.113625,-0.134547,0.5
19,0,1,0.18,0.17,0.9,anti_phase_plus_decoy,11.923423,12.176867,12.439674,12.420328,0.253444,-0.262807,-0.24346,-0.380382,-0.408887,0.0
19,1,1,0.18,0.17,0.9,anti_phase_plus_decoy,11.987287,12.31621,12.505043,12.388313,0.328923,-0.188833,-0.072103,-0.217369,-0.253468,0.5
19,2,1,0.18,0.17,0.9,anti_phase_plus_decoy,12.03559,12.323004,12.233758,12.584219,0.287414,0.089246,-0.261215,-0.26186,-0.283122,0.0
19,3,1,0.18,0.17,0.9,anti_phase_plus_decoy,12.158085,12.496386,12.390452,12.522386,0.338301,0.105935,-0.026,-0.454021,-0.506554,0.5
19,4,1,0.18,0.17,0.9,anti_phase_plus_decoy,11.973861,12.46304,12.4412,12.339336,0.489178,0.02184,0.123704,-0.069795,-0.086233,0.5
19,5,1,0.18,0.17,0.9,anti_phase_plus_decoy,12.106641,12.450776,12.65594,12.547535,0.344134,-0.205165,-0.096759,-0.197758,-0.198328,0.0
19,6,1,0.18,0.17,0.9,anti_phase_plus_decoy,12.077233,12.43242,12.444629,12.3969,0.355187,-0.012209,0.03552,-0.222288,-0.249357,0.5
19,7,1,0.18,0.17,0.9,anti_phase_plus_decoy,11.918182,12.542986,12.404277,12.629861,0.624804,0.13871,-0.086874,-0.105647,-0.1231,0.5
20,0,1,0.18,0.17,1.0,anti_phase_plus_decoy,12.062703,12.557128,12.600875,12.527575,0.494424,-0.043748,0.029553,-0.088793,-0.117913,0.5
20,1,1,0.18,0.17,1.0,anti_phase_plus_decoy,12.015355,12.451074,12.527569,12.56378,0.435719,-0.076494,-0.112705,-0.280774,-0.315608,0.5
20,2,1,0.18,0.17,1.0,anti_phase_plus_decoy,12.047847,12.54394,12.423727,12.525859,0.496093,0.120213,0.018081,-0.029136,-0.043634,0.5
20,3,1,0.18,0.17,1.0,anti_phase_plus_decoy,12.022105,12.434499,12.432169,12.307126,0.412394,0.002329,0.127372,-0.032559,-0.04109,0.5
20,4,1,0.18,0.17,1.0,anti_phase_plus_decoy,11.868592,12.392653,12.240583,12.241118,0.524061,0.152069,0.151534,-0.278699,-0.304233,0.0
20,5,1,0.18,0.17,1.0,anti_phase_plus_decoy,12.077171,12.432206,12.379003,12.36266,0.355034,0.053202,0.069546,0.019799,-0.006998,0.5
20,6,1,0.18,0.17,1.0,anti_phase_plus_decoy,12.048899,12.587362,12.324676,12.493751,0.538463,0.262686,0.093611,0.067129,0.056347,1.0
20,7,1,0.18,0.17,1.0,anti_phase_plus_decoy,11.991685,12.427878,12.457233,12.38291,0.436193,-0.029354,0.044968,-0.102386,-0.105252,0.0
21,0,1,0.18,0.17,1.1,anti_phase_plus_decoy,12.288441,12.420015,12.585234,12.278093,0.131573,-0.16522,0.141922,-0.16466,-0.178642,0.0
21,1,1,0.18,0.17,1.1,anti_phase_plus_decoy,12.004159,12.482676,12.628855,12.431228,0.478517,-0.146179,0.051448,-0.0333,-0.038728,0.5
21,2,1,0.18,0.17,1.1,anti_phase_plus_decoy,12.143177,12.459538,12.339504,12.484768,0.316361,0.120034,-0.02523,0.020992,-0.001239,0.5
21,3,1,0.18,0.17,1.1,anti_phase_plus_decoy,12.059008,12.642044,12.584807,12.568058,0.583036,0.057236,0.073986,-0.210485,-0.248842,0.5
21,4,1,0.18,0.17,1.1,anti_phase_plus_decoy,12.104166,12.488272,12.447676,12.530817,0.384105,0.040595,-0.042545,-0.206501,-0.223428,0.0
21,5,1,0.18,0.17,1.1,anti_phase_plus_decoy,11.940141,12.398106,12.658114,12.301762,0.457966,-0.260007,0.096345,0.020607,0.017553,1.0
21,6,1,0.18,0.17,1.1,anti_phase_plus_decoy,11.996891,12.736036,12.451954,12.684857,0.739145,0.284082,0.051179,-0.033744,-0.077599,0.5
21,7,1,0.18,0.17,1.1,anti_phase_plus_decoy,12.199676,12.475485,12.574995,12.514848,0.275809,-0.09951,-0.039363,-0.009777,-0.011479,0.5
22,0,1,0.2,0.17,0.9,anti_phase_plus_decoy,12.014745,12.53122,12.309222,12.503203,0.516475,0.221998,0.028017,-0.028892,-0.052811,0.5
22,1,1,0.2,0.17,0.9,anti_phase_plus_decoy,11.956695,12.510211,12.155497,12.331165,0.553517,0.354715,0.179046,-0.118189,-0.12535,0.0
22,2,1,0.2,0.17,0.9,anti_phase_plus_decoy,12.073859,12.559612,12.479802,12.604032,0.485753,0.079809,-0.04442,-0.256732,-0.258692,0.0
22,3,1,0.2,0.17,0.9,anti_phase_plus_decoy,12.117759,12.603653,12.43849,12.386932,0.485894,0.165163,0.216721,0.124017,0.075352,1.0
22,4,1,0.2,0.17,0.9,anti_phase_plus_decoy,11.917244,12.48753,12.599343,12.562255,0.570286,-0.111813,-0.074725,-0.007578,-0.018783,0.5
22,5,1,0.2,0.17,0.9,anti_phase_plus_decoy,11.972925,12.252497,12.530112,12.688909,0.279571,-0.277616,-0.436413,-0.293086,-0.316622,0.0
22,6,1,0.2,0.17,0.9,anti_phase_plus_decoy,12.144908,12.446919,12.595297,12.415864,0.302011,-0.148378,0.031056,-0.114018,-0.164047,0.5
22,7,1,0.2,0.17,0.9,anti_phase_plus_decoy,11.981719,12.382411,12.574211,12.244431,0.400692,-0.1918,0.137979,-0.127865,-0.185324,0.5
23,0,1,0.2,0.17,1.0,anti_phase_plus_decoy,12.043292,12.465651,12.382513,12.593417,0.422359,0.083138,-0.127766,-0.313759,-0.335865,0.0
23,1,1,0.2,0.17,1.0,anti_phase_plus_decoy,11.948365,12.319173,12.155842,12.379511,0.370808,0.16333,-0.060338,-0.382055,-0.397925,0.0
23,2,1,0.2,0.17,1.0,anti_phase_plus_decoy,12.09775,12.319126,12.368093,12.653344,0.221375,-0.048967,-0.334219,-0.341472,-0.343887,0.0
23,3,1,0.2,0.17,1.0,anti_phase_plus_decoy,12.112876,12.476428,12.332079,12.5889,0.363552,0.144348,-0.112473,-0.077046,-0.078774,0.0
23,4,1,0.2,0.17,1.0,anti_phase_plus_decoy,11.964075,12.447019,12.531246,12.352666,0.482944,-0.084227,0.094353,-0.155378,-0.174689,0.5
23,5,1,0.2,0.17,1.0,anti_phase_plus_decoy,12.074652,12.401875,12.400308,12.602971,0.327223,0.001567,-0.201096,-0.298329,-0.301966,0.0
23,6,1,0.2,0.17,1.0,anti_phase_plus_decoy,12.11421,12.410635,12.420373,12.506461,0.296425,-0.009738,-0.095826,-0.095002,-0.107271,0.5
23,7,1,0.2,0.17,1.0,anti_phase_plus_decoy,12.015085,12.392726,12.40671,12.547024,0.377641,-0.013983,-0.154298,-0.265563,-0.316948,0.5
24,0,1,0.2,0.17,1.1,anti_phase_plus_decoy,12.148583,12.475499,12.603374,12.602012,0.326916,-0.127875,-0.126513,-0.140934,-0.163774,0.5
24,1,1,0.2,0.17,1.1,anti_phase_plus_decoy,11.882074,12.451571,12.365821,12.38591,0.569497,0.08575,0.065661,-0.042576,-0.063393,0.5
24,2,1,0.2,0.17,1.1,anti_phase_plus_decoy,12.107694,12.414546,12.45515,12.496107,0.306852,-0.040604,-0.08156,-0.285057,-0.333193,0.5
24,3,1,0.2,0.17,1.1,anti_phase_plus_decoy,12.050651,12.580365,12.503344,12.487961,0.529714,0.077021,0.092404,-0.016428,-0.032307,0.5
24,4,1,0.2,0.17,1.1,anti_phase_plus_decoy,12.18782,12.460772,12.439492,12.499695,0.272952,0.021281,-0.038923,-0.246213,-0.27636,0.5
24,5,1,0.2,0.17,1.1,anti_phase_plus_decoy,12.078239,12.496507,12.425853,12.32968,0.418268,0.070654,0.166827,-0.134729,-0.155471,0.5
24,6,1,0.2,0.17,1.1,anti_phase_plus_decoy,12.175374,12.446524,12.493743,12.340717,0.271151,-0.047219,0.105808,-0.004219,-0.007826,0.5
24,7,1,0.2,0.17,1.1,anti_phase_plus_decoy,12.218984,12.356446,12.386996,12.591953,0.137462,-0.03055,-0.235507,-0.178965,-0.190393,0.0
25,0,1,0.14,0.18,0.9,anti_phase_plus_decoy,12.062803,12.622434,12.433692,12.432087,0.559631,0.188742,0.190348,-0.080239,-0.10319,0.5
25,1,1,0.14,0.18,0.9,anti_phase_plus_decoy,12.133623,12.410691,12.462139,12.605433,0.277067,-0.051448,-0.194742,-0.305275,-0.32293,0.0
25,2,1,0.14,0.18,0.9,anti_phase_plus_decoy,12.080716,12.723318,12.50129,12.605897,0.642602,0.222027,0.117421,0.005244,-0.015215,0.5
25,3,1,0.14,0.18,0.9,anti_phase_plus_decoy,11.999014,12.424005,12.696069,12.577782,0.424991,-0.272064,-0.153776,-0.349666,-0.365362,0.0
25,4,1,0.14,0.18,0.9,anti_phase_plus_decoy,12.13216,12.330742,12.68616,12.283393,0.198582,-0.355418,0.047349,-0.176772,-0.212402,0.5
25,5,1,0.14,0.18,0.9,anti_phase_plus_decoy,12.238073,12.574489,12.584356,12.437953,0.336415,-0.009867,0.136536,0.041343,0.027384,1.0
25,6,1,0.14,0.18,0.9,anti_phase_plus_decoy,12.096129,12.643734,12.579456,12.421653,0.547604,0.064278,0.22208,-0.382569,-0.444774,0.5
25,7,1,0.14,0.18,0.9,anti_phase_plus_decoy,11.968708,12.309294,12.347789,12.409207,0.340587,-0.038495,-0.099913,-0.462829,-0.531599,0.5
26,0,1,0.14,0.18,1.0,anti_phase_plus_decoy,12.013955,12.473987,12.510873,12.539728,0.460032,-0.036886,-0.06574,-0.204435,-0.211515,0.0
26,1,1,0.14,0.18,1.0,anti_phase_plus_decoy,11.982202,12.5669,12.442078,12.556699,0.584698,0.124821,0.010201,-0.052597,-0.06669,0.5
26,2,1,0.14,0.18,1.0,anti_phase_plus_decoy,12.211205,12.626459,12.465217,12.497271,0.415255,0.161242,0.129189,0.081769,0.070136,1.0
26,3,1,0.14,0.18,1.0,anti_phase_plus_decoy,12.145932,12.443282,12.415229,12.36377,0.29735,0.028053,0.079512,-0.283245,-0.33044,0.5
26,4,1,0.14,0.18,1.0,anti_phase_plus_decoy,11.943467,12.58566,12.479913,12.579542,0.642193,0.105747,0.006118,0.110226,0.085029,1.0
26,5,1,0.14,0.18,1.0,anti_phase_plus_decoy,11.860398,12.599555,12.611989,12.462798,0.739156,-0.012434,0.136756,-0.097218,-0.168005,0.5
26,6,1,0.14,0.18,1.0,anti_phase_plus_decoy,12.229152,12.50622,12.474195,12.418169,0.277068,0.032025,0.088051,-0.28597,-0.318325,0.5
26,7,1,0.14,0.18,1.0,anti_phase_plus_decoy,12.079696,12.468748,12.313917,12.651908,0.389052,0.154831,-0.18316,-0.294783,-0.309798,0.0
27,0,1,0.14,0.18,1.1,anti_phase_plus_decoy,11.995141,12.539551,12.530061,12.42514,0.54441,0.00949,0.11441,-0.158955,-0.189327,0.5
27,1,1,0.14,0.18,1.1,anti_phase_plus_decoy,12.079314,12.591756,12.733485,12.371366,0.512443,-0.141729,0.22039,-0.022165,-0.022943,0.0
27,2,1,0.14,0.18,1.1,anti_phase_plus_decoy,11.988771,12.621549,12.425591,12.51356,0.632778,0.195958,0.107989,-0.108599,-0.110646,0.0
27,3,1,0.14,0.18,1.1,anti_phase_plus_decoy,11.992889,12.542255,12.676648,12.65601,0.549365,-0.134393,-0.113756,-0.276937,-0.27953,0.0
27,4,1,0.14,0.18,1.1,anti_phase_plus_decoy,11.892906,12.724289,12.437269,12.283604,0.831384,0.28702,0.440685,0.008262,-0.017796,0.5
27,5,1,0.14,0.18,1.1,anti_phase_plus_decoy,12.079935,12.461011,12.437442,12.510093,0.381075,0.023568,-0.049082,-0.330722,-0.383922,0.5
27,6,1,0.14,0.18,1.1,anti_phase_plus_decoy,12.163237,12.503562,12.421291,12.628546,0.340324,0.08227,-0.124985,-0.062196,-0.084515,0.5
27,7,1,0.14,0.18,1.1,anti_phase_plus_decoy,12.006595,12.389417,12.492699,12.427138,0.382822,-0.103282,-0.037721,-0.109485,-0.110364,0.0
28,0,1,0.16,0.18,0.9,anti_phase_plus_decoy,11.961898,12.312445,12.402779,12.298378,0.350546,-0.090335,0.014066,-0.072543,-0.077824,0.0
28,1,1,0.16,0.18,0.9,anti_phase_plus_decoy,12.123738,12.378024,12.653243,12.386886,0.254286,-0.275218,-0.008861,0.061064,0.050645,1.0
28,2,1,0.16,0.18,0.9,anti_phase_plus_decoy,12.150243,12.663141,12.566934,12.467886,0.512898,0.096207,0.195255,0.038901,0.03769,1.0
28,3,1,0.16,0.18,0.9,anti_phase_plus_decoy,12.12006,12.51136,12.289907,12.242561,0.3913,0.221454,0.2688,-0.070475,-0.084027,0.5
28,4,1,0.16,0.18,0.9,anti_phase_plus_decoy,11.749035,12.463348,12.662465,12.404032,0.714313,-0.199116,0.059316,0.061313,0.020027,1.0
28,5,1,0.16,0.18,0.9,anti_phase_plus_decoy,12.114751,12.499253,12.671256,12.335016,0.384502,-0.172004,0.164237,-0.117161,-0.14409,0.5
28,6,1,0.16,0.18,0.9,anti_phase_plus_decoy,12.17411,12.471295,12.576456,12.530393,0.297185,-0.105161,-0.059098,-0.312988,-0.337792,0.0
28,7,1,0.16,0.18,0.9,anti_phase_plus_decoy,12.105673,12.349124,12.441749,12.287938,0.243451,-0.092625,0.061186,-0.123931,-0.152266,0.5
29,0,1,0.16,0.18,1.0,anti_phase_plus_decoy,12.074199,12.530324,12.53086,12.356781,0.456125,-0.000535,0.173544,-0.307312,-0.335416,0.0
29,1,1,0.16,0.18,1.0,anti_phase_plus_decoy,11.99106,12.429812,12.344698,12.710915,0.438752,0.085114,-0.281103,-0.407644,-0.422705,0.0
29,2,1,0.16,0.18,1.0,anti_phase_plus_decoy,11.938148,12.442561,12.331447,12.604414,0.504412,0.111113,-0.161853,-0.486278,-0.533982,0.0
29,3,1,0.16,0.18,1.0,anti_phase_plus_decoy,11.877119,12.538729,12.559667,12.471412,0.66161,-0.020938,0.067317,-0.025885,-0.034479,0.5
29,4,1,0.16,0.18,1.0,anti_phase_plus_decoy,11.951038,12.401238,12.582844,12.762958,0.4502,-0.181606,-0.36172,-0.348799,-0.391316,0.5
29,5,1,0.16,0.18,1.0,anti_phase_plus_decoy,12.149159,12.482279,12.640774,12.424949,0.33312,-0.158495,0.05733,0.130272,0.106931,1.0
29,6,1,0.16,0.18,1.0,anti_phase_plus_decoy,12.089371,12.646101,12.499138,12.484925,0.55673,0.146963,0.161177,-0.090817,-0.126718,0.5
29,7,1,0.16,0.18,1.0,anti_phase_plus_decoy,12.048645,12.487593,12.438102,12.382393,0.438948,0.049492,0.1052,-0.030493,-0.052289,0.5
30,0,1,0.16,0.18,1.1,anti_phase_plus_decoy,12.012852,12.293471,12.307748,12.49888,0.280619,-0.014277,-0.205409,-0.275818,-0.330964,0.5
30,1,1,0.16,0.18,1.1,anti_phase_plus_decoy,12.062255,12.558498,12.602709,12.593824,0.496242,-0.044211,-0.035327,-0.146487,-0.156677,0.0
30,2,1,0.16,0.18,1.1,anti_phase_plus_decoy,12.114633,12.579977,12.638262,12.460046,0.465344,-0.058286,0.119931,-0.094055,-0.106855,0.5
30,3,1,0.16,0.18,1.1,anti_phase_plus_decoy,12.09137,12.660347,12.51321,12.618394,0.568977,0.147137,0.041953,0.17913,0.175833,1.0
30,4,1,0.16,0.18,1.1,anti_phase_plus_decoy,11.957582,12.630443,12.510786,12.357598,0.672861,0.119657,0.272844,-0.019684,-0.04537,0.5
30,5,1,0.16,0.18,1.1,anti_phase_plus_decoy,12.015266,12.453895,12.401155,12.458322,0.438629,0.05274,-0.004427,-0.170419,-0.17834,0.0
30,6,1,0.16,0.18,1.1,anti_phase_plus_decoy,12.141643,12.602123,12.413615,12.554463,0.46048,0.188508,0.04766,-0.069316,-0.083578,0.5
30,7,1,0.16,0.18,1.1,anti_phase_plus_decoy,12.03056,12.377164,12.510645,12.39951,0.346604,-0.13348,-0.022346,0.117032,0.104072,1.0
31,0,1,0.18,0.18,0.9,anti_phase_plus_decoy,12.148609,12.547603,12.318816,12.507128,0.398994,0.228787,0.040475,-0.219211,-0.254281,0.5
31,1,1,0.18,0.18,0.9,anti_phase_plus_decoy,11.943639,12.505957,12.490422,12.474246,0.562318,0.015535,0.03171,-0.313357,-0.326837,0.0
31,2,1,0.18,0.18,0.9,anti_phase_plus_decoy,12.061327,12.503399,12.523433,12.651797,0.442071,-0.020034,-0.148399,-0.274624,-0.291148,0.0
31,3,1,0.18,0.18,0.9,anti_phase_plus_decoy,12.037883,12.270821,12.574892,12.452842,0.232938,-0.304071,-0.182021,-0.131478,-0.149881,0.5
31,4,1,0.18,0.18,0.9,anti_phase_plus_decoy,11.949403,12.409758,12.433166,12.509764,0.460355,-0.023408,-0.100006,-0.062194,-0.079758,0.5
31,5,1,0.18,0.18,0.9,anti_phase_plus_decoy,12.036981,12.517764,12.665207,12.5028,0.480782,-0.147444,0.014964,0.10188,0.099858,1.0
31,6,1,0.18,0.18,0.9,anti_phase_plus_decoy,12.161589,12.469988,12.450134,12.434856,0.308399,0.019854,0.035132,-0.498953,-0.553931,0.0
31,7,1,0.18,0.18,0.9,anti_phase_plus_decoy,11.941421,12.43221,12.42893,12.690888,0.490789,0.003281,-0.258678,-0.313212,-0.331536,0.0
32,0,1,0.18,0.18,1.0,anti_phase_plus_decoy,12.101434,12.505746,12.530975,12.678858,0.404312,-0.025229,-0.173112,-0.257047,-0.260825,0.0
32,1,1,0.18,0.18,1.0,anti_phase_plus_decoy,11.943667,12.447469,12.535628,12.66226,0.503802,-0.088159,-0.21479,-0.689956,-0.755555,0.0
32,2,1,0.18,0.18,1.0,anti_phase_plus_decoy,12.331627,12.588635,12.534868,12.553179,0.257008,0.053767,0.035456,-0.123034,-0.140051,0.5
32,3,1,0.18,0.18,1.0,anti_phase_plus_decoy,12.010276,12.678364,12.469569,12.55868,0.668088,0.208795,0.119684,-0.171491,-0.195532,0.5
32,4,1,0.18,0.18,1.0,anti_phase_plus_decoy,12.033602,12.58778,12.521074,12.44655,0.554178,0.066706,0.14123,-0.218235,-0.25241,0.5
32,5,1,0.18,0.18,1.0,anti_phase_plus_decoy,12.184955,12.472717,12.617738,12.452405,0.287761,-0.145021,0.020312,-0.193084,-0.205464,0.0
32,6,1,0.18,0.18,1.0,anti_phase_plus_decoy,12.085245,12.507872,12.643077,12.271455,0.422627,-0.135206,0.236417,-0.115989,-0.165425,0.5
32,7,1,0.18,0.18,1.0,anti_phase_plus_decoy,11.919812,12.577208,12.497398,12.416251,0.657396,0.07981,0.160958,-0.068457,-0.09484,0.5
33,0,1,0.18,0.18,1.1,anti_phase_plus_decoy,12.235281,12.603535,12.648664,12.560994,0.368254,-0.045129,0.042541,-0.167372,-0.197197,0.5
33,1,1,0.18,0.18,1.1,anti_phase_plus_decoy,12.063008,12.397445,12.423113,12.712625,0.334437,-0.025667,-0.315179,-0.357585,-0.397472,0.5
33,2,1,0.18,0.18,1.1,anti_phase_plus_decoy,12.069186,12.539912,12.473336,12.346365,0.470726,0.066576,0.193547,-0.189368,-0.227994,0.5
33,3,1,0.18,0.18,1.1,anti_phase_plus_decoy,12.067801,12.350158,12.578479,12.829836,0.282357,-0.228322,-0.479679,-0.573139,-0.619708,0.0
33,4,1,0.18,0.18,1.1,anti_phase_plus_decoy,11.921633,12.498078,12.4957,12.623486,0.576445,0.002377,-0.125408,-0.09016,-0.133518,0.5
33,5,1,0.18,0.18,1.1,anti_phase_plus_decoy,12.145469,12.582311,12.344832,12.438073,0.436842,0.237479,0.144239,-0.067688,-0.073249,0.0
33,6,1,0.18,0.18,1.1,anti_phase_plus_decoy,12.013177,12.562253,12.556226,12.633138,0.549076,0.006026,-0.070885,-0.173148,-0.192498,0.5
33,7,1,0.18,0.18,1.1,anti_phase_plus_decoy,11.918219,12.477407,12.423337,12.61,0.559188,0.05407,-0.132593,-0.343429,-0.380781,0.0
34,0,1,0.2,0.18,0.9,anti_phase_plus_decoy,12.125801,12.537163,12.324011,12.615229,0.411363,0.213153,-0.078065,-0.210665,-0.225157,0.0
34,1,1,0.2,0.18,0.9,anti_phase_plus_decoy,11.983467,12.698421,12.332104,12.609291,0.714954,0.366317,0.08913,-0.085724,-0.102389,0.5
34,2,1,0.2,0.18,0.9,anti_phase_plus_decoy,11.93279,12.480635,12.423663,12.507325,0.547844,0.056971,-0.02669,-0.13618,-0.142472,0.0
34,3,1,0.2,0.18,0.9,anti_phase_plus_decoy,11.969095,12.482794,12.357941,12.4566,0.513699,0.124853,0.026194,0.072393,0.067119,1.0
34,4,1,0.2,0.18,0.9,anti_phase_plus_decoy,12.134217,12.491214,12.488579,12.389689,0.356998,0.002636,0.101525,0.022932,-0.003983,0.5
34,5,1,0.2,0.18,0.9,anti_phase_plus_decoy,12.120161,12.425481,12.451185,12.516413,0.305321,-0.025704,-0.090931,-0.101346,-0.137458,0.5
34,6,1,0.2,0.18,0.9,anti_phase_plus_decoy,12.112318,12.321952,12.423139,12.412307,0.209634,-0.101187,-0.090356,-0.197199,-0.235907,0.5
34,7,1,0.2,0.18,0.9,anti_phase_plus_decoy,11.942561,12.410267,12.626168,12.511161,0.467706,-0.215901,-0.100894,-0.300766,-0.355755,0.5
35,0,1,0.2,0.18,1.0,anti_phase_plus_decoy,11.956777,12.500793,12.530674,12.533181,0.544017,-0.029881,-0.032388,-0.086814,-0.101988,0.5
35,1,1,0.2,0.18,1.0,anti_phase_plus_decoy,11.960268,12.540803,12.438769,12.574329,0.580534,0.102034,-0.033526,-0.075074,-0.098871,0.5
35,2,1,0.2,0.18,1.0,anti_phase_plus_decoy,12.184067,12.505556,12.426917,12.438704,0.321489,0.078639,0.066852,-0.109161,-0.116847,0.0
35,3,1,0.2,0.18,1.0,anti_phase_plus_decoy,11.91006,12.335085,12.355164,12.504424,0.425025,-0.020078,-0.169339,-0.324912,-0.330411,0.0
35,4,1,0.2,0.18,1.0,anti_phase_plus_decoy,12.034905,12.419166,12.389483,12.488524,0.384261,0.029683,-0.069358,-0.166608,-0.174604,0.0
35,5,1,0.2,0.18,1.0,anti_phase_plus_decoy,12.110696,12.407124,12.229005,12.587576,0.296428,0.17812,-0.180452,-0.375588,-0.411994,0.0
35,6,1,0.2,0.18,1.0,anti_phase_plus_decoy,11.94337,12.521892,12.362988,12.659174,0.578522,0.158904,-0.137282,-0.103736,-0.123555,0.5
35,7,1,0.2,0.18,1.0,anti_phase_plus_decoy,12.115701,12.635584,12.319657,12.374066,0.519883,0.315927,0.261519,-0.051348,-0.055142,0.0
36,0,1,0.2,0.18,1.1,anti_phase_plus_decoy,12.021738,12.440413,12.449908,12.525138,0.418675,-0.009495,-0.084725,-0.293547,-0.357512,0.5
36,1,1,0.2,0.18,1.1,anti_phase_plus_decoy,12.208599,12.241863,12.328319,12.327465,0.033264,-0.086456,-0.085602,-0.173132,-0.19971,0.5
36,2,1,0.2,0.18,1.1,anti_phase_plus_decoy,12.046326,12.378823,12.512912,12.509208,0.332496,-0.13409,-0.130385,-0.172371,-0.205705,0.5
36,3,1,0.2,0.18,1.1,anti_phase_plus_decoy,12.216611,12.45054,12.503468,12.598527,0.233929,-0.052928,-0.147987,-0.101855,-0.129543,0.5
36,4,1,0.2,0.18,1.1,anti_phase_plus_decoy,12.017926,12.517406,12.40305,12.437141,0.49948,0.114356,0.080265,-0.214388,-0.274936,0.5
36,5,1,0.2,0.18,1.1,anti_phase_plus_decoy,11.8568,12.637968,12.446683,12.687983,0.781168,0.191285,-0.050016,0.009865,0.000294,1.0
36,6,1,0.2,0.18,1.1,anti_phase_plus_decoy,12.061114,12.50132,12.451269,12.392568,0.440206,0.050051,0.108752,-0.065139,-0.071237,0.0
36,7,1,0.2,0.18,1.1,anti_phase_plus_decoy,12.065274,12.395397,12.134315,12.41759,0.330124,0.261082,-0.022193,-0.251271,-0.264436,0.0
37,0,1,0.14,0.19,0.9,anti_phase_plus_decoy,11.985045,12.602117,12.609147,12.519048,0.617072,-0.00703,0.083069,0.03259,0.018495,1.0
37,1,1,0.14,0.19,0.9,anti_phase_plus_decoy,11.924242,12.430811,12.265193,12.43177,0.506568,0.165617,-0.000959,-0.301264,-0.353251,0.5
37,2,1,0.14,0.19,0.9,anti_phase_plus_decoy,11.89858,12.549218,12.553083,12.376583,0.650637,-0.003865,0.172635,-0.182296,-0.20155,0.0
37,3,1,0.14,0.19,0.9,anti_phase_plus_decoy,12.256618,12.588288,12.391197,12.326421,0.331671,0.197091,0.261867,-0.050379,-0.059067,0.5
37,4,1,0.14,0.19,0.9,anti_phase_plus_decoy,12.113548,12.305445,12.201279,12.319048,0.191898,0.104167,-0.013603,-0.135405,-0.148495,0.0
37,5,1,0.14,0.19,0.9,anti_phase_plus_decoy,12.107355,12.589536,12.52767,12.430667,0.482181,0.061866,0.158869,0.015722,0.01511,1.0
37,6,1,0.14,0.19,0.9,anti_phase_plus_decoy,11.997285,12.298772,12.527415,12.419396,0.301487,-0.228642,-0.120624,-0.338017,-0.392861,0.5
37,7,1,0.14,0.19,0.9,anti_phase_plus_decoy,12.094127,12.640058,12.602315,12.408707,0.545931,0.037743,0.231351,-0.077282,-0.085246,0.0
38,0,1,0.14,0.19,1.0,anti_phase_plus_decoy,12.229802,12.484222,12.535017,12.615349,0.25442,-0.050795,-0.131126,-0.135569,-0.14222,0.0
38,1,1,0.14,0.19,1.0,anti_phase_plus_decoy,12.058974,12.511875,12.510203,12.503781,0.452901,0.001672,0.008094,-0.336462,-0.370028,0.0
38,2,1,0.14,0.19,1.0,anti_phase_plus_decoy,12.225421,12.554349,12.554748,12.408745,0.328928,-0.000399,0.145605,-0.204961,-0.215442,0.0
38,3,1,0.14,0.19,1.0,anti_phase_plus_decoy,12.046561,12.510654,12.354657,12.48049,0.464092,0.155997,0.030164,-0.132363,-0.156377,0.5
38,4,1,0.14,0.19,1.0,anti_phase_plus_decoy,12.048851,12.556554,12.535126,12.436588,0.507702,0.021428,0.119966,-0.09708,-0.134307,0.5
38,5,1,0.14,0.19,1.0,anti_phase_plus_decoy,12.117061,12.406178,12.344345,12.287776,0.289117,0.061833,0.118402,0.000794,0.000361,1.0
38,6,1,0.14,0.19,1.0,anti_phase_plus_decoy,12.017287,12.760546,12.617772,12.377885,0.743259,0.142774,0.382661,0.065484,-0.005177,0.5
38,7,1,0.14,0.19,1.0,anti_phase_plus_decoy,11.957072,12.464067,12.397581,12.450653,0.506995,0.066486,0.013414,-0.184325,-0.222563,0.5
39,0,1,0.14,0.19,1.1,anti_phase_plus_decoy,12.123736,12.736184,12.484664,12.544288,0.612449,0.25152,0.191897,0.085359,0.051482,1.0
39,1,1,0.14,0.19,1.1,anti_phase_plus_decoy,12.14795,12.492505,12.454627,12.463296,0.344555,0.037878,0.029209,-0.012957,-0.030287,0.5
39,2,1,0.14,0.19,1.1,anti_phase_plus_decoy,12.111911,12.638983,12.586987,12.627093,0.527072,0.051996,0.011891,-0.541403,-0.58263,0.0
39,3,1,0.14,0.19,1.1,anti_phase_plus_decoy,12.092327,12.405742,12.484407,12.685153,0.313415,-0.078664,-0.279411,-0.160581,-0.18725,0.5
39,4,1,0.14,0.19,1.1,anti_phase_plus_decoy,12.114678,12.684135,12.471641,12.25582,0.569457,0.212493,0.428314,-0.05348,-0.123427,0.5
39,5,1,0.14,0.19,1.1,anti_phase_plus_decoy,12.067636,12.563263,12.581509,12.494723,0.495627,-0.018245,0.06854,-0.339806,-0.371474,0.0
39,6,1,0.14,0.19,1.1,anti_phase_plus_decoy,12.08,12.646185,12.593385,12.425742,0.566186,0.0528,0.220443,-0.149718,-0.160487,0.0
39,7,1,0.14,0.19,1.1,anti_phase_plus_decoy,12.175197,12.336515,12.343247,12.472094,0.161319,-0.006732,-0.135579,-0.345608,-0.417014,0.5
40,0,1,0.16,0.19,0.9,anti_phase_plus_decoy,11.901912,12.37453,12.70357,12.53803,0.472618,-0.32904,-0.1635,-0.104501,-0.114616,0.0
40,1,1,0.16,0.19,0.9,anti_phase_plus_decoy,11.991241,12.400577,12.623148,12.5083,0.409336,-0.222571,-0.107723,-0.249194,-0.266724,0.0
40,2,1,0.16,0.19,0.9,anti_phase_plus_decoy,11.83404,12.644184,12.443029,12.498975,0.810144,0.201155,0.145208,-0.029778,-0.034063,0.5
40,3,1,0.16,0.19,0.9,anti_phase_plus_decoy,11.921008,12.661231,12.4979,12.597807,0.740223,0.163331,0.063424,-0.363992,-0.403674,0.0
40,4,1,0.16,0.19,0.9,anti_phase_plus_decoy,11.992891,12.556571,12.345459,12.519234,0.56368,0.211112,0.037337,0.091212,0.079229,1.0
40,5,1,0.16,0.19,0.9,anti_phase_plus_decoy,12.302947,12.58717,12.398878,12.489682,0.284223,0.188292,0.097488,-0.148195,-0.164385,0.0
40,6,1,0.16,0.19,0.9,anti_phase_plus_decoy,11.910656,12.488191,12.39055,12.298722,0.577536,0.097641,0.189469,0.116349,0.103622,1.0
40,7,1,0.16,0.19,0.9,anti_phase_plus_decoy,11.987934,12.619545,12.49206,12.568052,0.631611,0.127485,0.051494,-0.058181,-0.083344,0.5
41,0,1,0.16,0.19,1.0,anti_phase_plus_decoy,12.091563,12.631523,12.661329,12.360494,0.53996,-0.029806,0.271029,0.023132,0.011347,1.0
41,1,1,0.16,0.19,1.0,anti_phase_plus_decoy,12.167305,12.50538,12.667735,12.311067,0.338074,-0.162355,0.194313,-0.023864,-0.025015,0.0
41,2,1,0.16,0.19,1.0,anti_phase_plus_decoy,12.105785,12.487778,12.501413,12.310331,0.381993,-0.013635,0.177447,0.083435,0.071088,1.0
41,3,1,0.16,0.19,1.0,anti_phase_plus_decoy,12.111579,12.56245,12.455055,12.796339,0.450871,0.107395,-0.233889,-0.27023,-0.313024,0.5
41,4,1,0.16,0.19,1.0,anti_phase_plus_decoy,12.091199,12.596506,12.362679,12.427495,0.505307,0.233827,0.169011,-0.125387,-0.133029,0.0
41,5,1,0.16,0.19,1.0,anti_phase_plus_decoy,11.965119,12.525807,12.535937,12.262739,0.560688,-0.01013,0.263068,-0.115327,-0.124339,0.0
41,6,1,0.16,0.19,1.0,anti_phase_plus_decoy,12.121155,12.39376,12.402361,12.35138,0.272604,-0.008601,0.04238,-0.545325,-0.617924,0.5
41,7,1,0.16,0.19,1.0,anti_phase_plus_decoy,11.958714,12.562761,12.624052,12.437369,0.604047,-0.061291,0.125392,0.165753,0.162653,1.0
42,0,1,0.16,0.19,1.1,anti_phase_plus_decoy,12.021943,12.44479,12.454151,12.424831,0.422847,-0.009362,0.019959,-0.199419,-0.236077,0.5
42,1,1,0.16,0.19,1.1,anti_phase_plus_decoy,12.004173,12.410464,12.471574,12.353082,0.406291,-0.06111,0.057383,-0.084292,-0.09754,0.5
42,2,1,0.16,0.19,1.1,anti_phase_plus_decoy,12.009768,12.639185,12.547378,12.464478,0.629417,0.091807,0.174708,-0.023023,-0.053995,0.5
42,3,1,0.16,0.19,1.1,anti_phase_plus_decoy,12.020404,12.388979,12.537954,12.581436,0.368575,-0.148975,-0.192457,-0.000783,-0.005701,0.5
42,4,1,0.16,0.19,1.1,anti_phase_plus_decoy,12.068545,12.417296,12.356106,12.522866,0.348751,0.06119,-0.10557,-0.167396,-0.170263,0.0
42,5,1,0.16,0.19,1.1,anti_phase_plus_decoy,11.97388,12.338105,12.434466,12.463466,0.364225,-0.096361,-0.12536,0.068503,0.064546,1.0
42,6,1,0.16,0.19,1.1,anti_phase_plus_decoy,12.196416,12.507344,12.546089,12.479732,0.310927,-0.038746,0.027612,-0.044998,-0.048597,0.0
42,7,1,0.16,0.19,1.1,anti_phase_plus_decoy,12.148364,12.489594,12.634573,12.528682,0.34123,-0.144979,-0.039088,-0.052097,-0.071936,0.5
43,0,1,0.18,0.19,0.9,anti_phase_plus_decoy,12.215912,12.407015,12.46683,12.646368,0.191103,-0.059816,-0.239354,-0.468849,-0.492632,0.0
43,1,1,0.18,0.19,0.9,anti_phase_plus_decoy,11.932747,12.496008,12.560164,12.207568,0.563261,-0.064156,0.28844,0.036924,0.023452,1.0
43,2,1,0.18,0.19,0.9,anti_phase_plus_decoy,11.875962,12.321362,12.344147,12.425753,0.4454,-0.022786,-0.104391,-0.12058,-0.160598,0.5
43,3,1,0.18,0.19,0.9,anti_phase_plus_decoy,12.086123,12.494127,12.541154,12.554584,0.408005,-0.047027,-0.060457,-0.229976,-0.249304,0.0
43,4,1,0.18,0.19,0.9,anti_phase_plus_decoy,12.089914,12.421756,12.430608,12.32218,0.331842,-0.008852,0.099576,-0.196773,-0.230572,0.5
43,5,1,0.18,0.19,0.9,anti_phase_plus_decoy,12.098511,12.521617,12.549247,12.595876,0.423106,-0.02763,-0.074259,-0.170444,-0.204905,0.5
43,6,1,0.18,0.19,0.9,anti_phase_plus_decoy,11.994426,12.568383,12.361756,12.326709,0.573957,0.206628,0.241675,0.075142,0.057049,1.0
43,7,1,0.18,0.19,0.9,anti_phase_plus_decoy,12.113198,12.358541,12.506177,12.224592,0.245343,-0.147636,0.133948,-0.119272,-0.146839,0.5
44,0,1,0.18,0.19,1.0,anti_phase_plus_decoy,12.012904,12.559537,12.380656,12.530742,0.546634,0.178881,0.028796,0.105069,0.099488,1.0
44,1,1,0.18,0.19,1.0,anti_phase_plus_decoy,12.328224,12.588416,12.634131,12.503882,0.260192,-0.045715,0.084534,0.023244,0.002647,1.0
44,2,1,0.18,0.19,1.0,anti_phase_plus_decoy,11.994162,12.501937,12.376446,12.304166,0.507775,0.125491,0.197771,-0.219299,-0.228167,0.0
44,3,1,0.18,0.19,1.0,anti_phase_plus_decoy,12.116974,12.383081,12.530299,12.559465,0.266107,-0.147218,-0.176384,-0.288537,-0.307201,0.0
44,4,1,0.18,0.19,1.0,anti_phase_plus_decoy,12.027249,12.4334,12.321624,12.657911,0.406151,0.111776,-0.224511,-0.643601,-0.667272,0.0
44,5,1,0.18,0.19,1.0,anti_phase_plus_decoy,12.260815,12.610319,12.369928,12.602051,0.349503,0.240391,0.008267,-0.045769,-0.088752,0.5
44,6,1,0.18,0.19,1.0,anti_phase_plus_decoy,12.127292,12.474614,12.475006,12.278321,0.347322,-0.000392,0.196293,-0.001512,-0.02416,0.5
44,7,1,0.18,0.19,1.0,anti_phase_plus_decoy,12.231946,12.456684,12.537111,12.4704,0.224738,-0.080426,-0.013715,0.061784,0.026126,1.0
45,0,1,0.18,0.19,1.1,anti_phase_plus_decoy,12.165534,12.513282,12.47316,12.435261,0.347748,0.040122,0.078021,-0.172851,-0.22453,0.5
45,1,1,0.18,0.19,1.1,anti_phase_plus_decoy,12.078986,12.630989,12.554713,12.578859,0.552003,0.076276,0.05213,-0.0476,-0.056746,0.5
45,2,1,0.18,0.19,1.1,anti_phase_plus_decoy,12.064356,12.321676,12.644286,12.321726,0.257321,-0.32261,-5e-05,-0.075271,-0.140954,0.5
45,3,1,0.18,0.19,1.1,anti_phase_plus_decoy,12.02596,12.498946,12.481832,12.454024,0.472986,0.017114,0.044922,-0.094672,-0.115164,0.5
45,4,1,0.18,0.19,1.1,anti_phase_plus_decoy,11.952839,12.541015,12.450235,12.565765,0.588176,0.09078,-0.02475,-0.288667,-0.354496,0.5
45,5,1,0.18,0.19,1.1,anti_phase_plus_decoy,11.974283,12.443702,12.575031,12.592981,0.46942,-0.131329,-0.149279,-0.611218,-0.666985,0.0
45,6,1,0.18,0.19,1.1,anti_phase_plus_decoy,12.124478,12.344824,12.313644,12.564576,0.220345,0.03118,-0.219752,-0.266157,-0.299698,0.5
45,7,1,0.18,0.19,1.1,anti_phase_plus_decoy,12.151039,12.398994,12.612587,12.464875,0.247956,-0.213593,-0.06588,-0.061713,-0.08226,0.5
46,0,1,0.2,0.19,0.9,anti_phase_plus_decoy,12.034223,12.450639,12.460594,12.576528,0.416417,-0.009955,-0.125889,-0.156289,-0.181218,0.5
46,1,1,0.2,0.19,0.9,anti_phase_plus_decoy,12.259718,12.292942,12.599986,12.404494,0.033224,-0.307044,-0.111552,-0.114456,-0.141499,0.5
46,2,1,0.2,0.19,0.9,anti_phase_plus_decoy,11.997704,12.411493,12.287618,12.426493,0.413789,0.123876,-0.014999,-0.275302,-0.32775,0.5
46,3,1,0.2,0.19,0.9,anti_phase_plus_decoy,12.076065,12.453314,12.19731,12.463421,0.377249,0.256004,-0.010107,-0.180771,-0.19887,0.0
46,4,1,0.2,0.19,0.9,anti_phase_plus_decoy,12.061825,12.555522,12.43741,12.442643,0.493698,0.118113,0.112879,-0.10399,-0.132595,0.5
46,5,1,0.2,0.19,0.9,anti_phase_plus_decoy,12.113138,12.492548,12.194999,12.458599,0.37941,0.297549,0.03395,-0.263071,-0.282803,0.0
46,6,1,0.2,0.19,0.9,anti_phase_plus_decoy,11.992094,12.430546,12.528657,12.476118,0.438453,-0.09811,-0.045571,-0.117576,-0.127116,0.0
46,7,1,0.2,0.19,0.9,anti_phase_plus_decoy,12.107639,12.55773,12.597894,12.45176,0.45009,-0.040165,0.10597,0.164072,0.163096,1.0
47,0,1,0.2,0.19,1.0,anti_phase_plus_decoy,12.042609,12.500153,12.476327,12.425808,0.457545,0.023826,0.074345,-0.049147,-0.063532,0.5
47,1,1,0.2,0.19,1.0,anti_phase_plus_decoy,12.080986,12.503242,12.318332,12.426106,0.422256,0.18491,0.077136,-0.059705,-0.069742,0.5
47,2,1,0.2,0.19,1.0,anti_phase_plus_decoy,12.155837,12.34721,12.586458,12.478913,0.191373,-0.239248,-0.131703,-0.265498,-0.28323,0.0
47,3,1,0.2,0.19,1.0,anti_phase_plus_decoy,12.093729,12.56517,12.398079,12.562984,0.471441,0.16709,0.002186,-0.322311,-0.3652,0.5
47,4,1,0.2,0.19,1.0,anti_phase_plus_decoy,12.106558,12.643958,12.300701,12.607236,0.5374,0.343257,0.036722,-0.20256,-0.236413,0.5
47,5,1,0.2,0.19,1.0,anti_phase_plus_decoy,12.231968,12.564492,12.525045,12.473279,0.332523,0.039447,0.091212,0.082954,0.062342,1.0
47,6,1,0.2,0.19,1.0,anti_phase_plus_decoy,12.029674,12.419904,12.344908,12.530918,0.390229,0.074996,-0.111014,-0.234662,-0.246392,0.0
47,7,1,0.2,0.19,1.0,anti_phase_plus_decoy,11.995172,12.520914,12.395477,12.412068,0.525742,0.125437,0.108846,-0.262814,-0.278824,0.0
48,0,1,0.2,0.19,1.1,anti_phase_plus_decoy,12.116554,12.477867,12.433028,12.425567,0.361313,0.044839,0.0523,-0.30046,-0.306371,0.0
48,1,1,0.2,0.19,1.1,anti_phase_plus_decoy,12.032773,12.397146,12.553258,12.233096,0.364373,-0.156112,0.16405,-0.028324,-0.044803,0.5
48,2,1,0.2,0.19,1.1,anti_phase_plus_decoy,12.109843,12.365329,12.409935,12.590179,0.255486,-0.044605,-0.224849,-0.122812,-0.12802,0.0
48,3,1,0.2,0.19,1.1,anti_phase_plus_decoy,12.122396,12.410718,12.425359,12.563418,0.288322,-0.01464,-0.152699,-0.280414,-0.281437,0.0
48,4,1,0.2,0.19,1.1,anti_phase_plus_decoy,12.252699,12.528578,12.540852,12.565008,0.275879,-0.012274,-0.036431,-0.112229,-0.125244,0.5
48,5,1,0.2,0.19,1.1,anti_phase_plus_decoy,12.275422,12.499539,12.389883,12.545425,0.224117,0.109656,-0.045886,-0.350569,-0.377641,0.0
48,6,1,0.2,0.19,1.1,anti_phase_plus_decoy,12.128008,12.316563,12.497221,12.534059,0.188555,-0.180657,-0.217496,-0.212477,-0.236229,0.5
48,7,1,0.2,0.19,1.1,anti_phase_plus_decoy,12.1022,12.43185,12.490766,12.558089,0.32965,-0.058916,-0.126239,-0.292508,-0.31756,0.0
